,M0,M1,M2,M3,M4
V,0.990374032,0.009625968,0,0,0
Y,0.989184887,0.010815113,0,0,0
W,1,0,0,0,0
T,0.990932698,0.009067302,0,0,0
S,0.98482809,0.01517191,0,0,0
P,0.99583579,0.00416421,0,0,0
F,0.987880958,0.012119042,0,0,0
M,0.976365883,0.023634117,0,0,0
K,0.990585594,0.009414406,0,0,0
L,0.987915694,0.012084306,0,0,0
I,0.98946922,0.01053078,0,0,0
H,0.993705014,0.006294986,0,0,0
G,0.990326355,0.009673645,0,0,0
Q,0.970947356,0.029052644,0,0,0
E,9.56E-01,0.043412732,0.000666125,0,0
D,0.980046853,0.019769111,0.000184036,0,0
N,0.991442497,0.008557503,0,0,0
R,0.990280096,0.009719904,0,0,0
A,0.974573169,0.023817551,0.000666688,0.000942592,0
C,0.98482809,0.01517191,0,0,0
