Trimmed Peptide,Area M0,Area M1,Area M2
VIGVDVDQSGDSDTVITSAMK,64730000,69520000,51950000
FDEITHDLVER,347400000,276200000,127200000
PIITEASMAAMDQK,29900000,22520000,15410000
TQQEVDEYK,2114000,1807000,614400
GDTYLQNGR,4062000,1926000,483500
SDEEAINAAK,85190000,43330000,328700000
VNFGEEEFMNYFK,56780000,59970000,33830000
AIDSLEGLTGDNADETTGIGIIK,11140000,17060000,14580000
DAPEANMNLGLIALTK,33220000,29030000,17660000
DADVIGFQLFNSK,37510000,31280000,19460000
GVLPLAAMFEER,105000000,81260000,31620000
YADDALAAETK,78660000,54420000,26610000
GILTAEGAEIVNEENWGLK,54240000,69070000,50230000
SDLTTAFDLFK,22130000,20010000,8967000
VGELSFEGLELMSAK,27280000,25490000,14470000
ISNEAFMEGTNSWLNDLK,25940000,31130000,21710000
LTGNIFFEVTPIK,37050000,33570000,14800000
LTNVLLNEAAVQYINDAAK,37200000,49960000,26020000
LFLDGAAAIGFVK,71110000,66720000,30450000
DGWAFTLLGAR,3562000,3185000,859900
INNYGYITQK,599600000,430400000,159900000
MLNLATEFYTFR,10930000,4195000,3471000
IGFIAGPEWLVK,7925000,8077000,3289000
TNNTSMVTSSLK,64830000,107900000,57050000
VDQNAINNEINK,25330000,23830000,11040000
TAVSFILPDNAPAGYINVK,32250000,35350000,22460000
ALDAFITSVTNAMK,44520000,49370000,42650000
TGEWLIDNEPTGWFAK,154800000,178100000,116600000
ITGVVSDAMGPIIGANVLEK,8993000,11790000,7955000
ENISSILSSNDVESIQVLK,21640000,24880000,16920000
EGVAWDNIPFTDELK,90130000,90130000,52590000
YNFCIDLNEAMVK,7033000,5368000,2976000
GILQAEGAEIINEENWGLK,19160000,27930000,22780000
QSLDYLLDAPFVK,8391000,7045000,4495000
DQLEFVGFGGTENMFSK,9284000,11720000,8937000
DFLSQTLAEIK,21110000,16910000,6629000
YFDELMDVYDLR,29720000,24680000,9831000
IDMEAAGEAPANK,27380000,25600000,13460000
GNFGFTTTLLSTLK,17600000,16080000,9126000
DQLELVGFGGTANMFGK,75240000,63480000,34690000
SAESPSLIANFDEYFK,611300000,732100000,465700000
GAANLNVEVK,40220000,17110000,17780000
DLADTWDVAGFIQK,2050000,1480000,1148000
FAEGIDPDNLNENIAYALTTK,101600000,154700000,120600000
VTLNESIFGIEPNDHAIYLDVK,94290000,256600000,252300000
IFGNAFLEIEPIK,157600000,105900000,66540000
ALESLEEDFSPLYGSLK,182500000,203800000,117000000
GSDYSVVPAAGQK,185000000,77520000,31610000
ISYVGYTAK,145900000,88710000,33010000
GEEVPVTVGK,1601000000,877700000,525200000
FTIDTDNNPR,26130000,18190000,8267000
GYASNAANFEDTAK,74650000,71560000,29880000
VSDAQSYFTR,44190000,22030000,5780000
IIGNNVEYQQTAAAK,195500000,188400000,91940000
ELVDTLNQGK,30380000,18550000,20070000
GHVMWIGPR,33090000,21160000,3472000
SYSIVSGADGAAGTK,3272000000,2408000000,1051000000
YAGTELEVEGTK,151100000,112000000,50050000
ELAPNFTQSK,42680000,20170000,3063000
ADISDEDYMR,116400000,80990000,30280000
AESGELFVTK,146100000,96940000,41270000
NADAYTYVSTNASTGK,125200000,118500000,55230000
VSVDESEER,3592000,2321000,733500
QEQFQQEAYQSMQK,19020000,19500000,11600000
AVAGAATQSVADQEAIK,25150000,28840000,16260000
IDQGLDVVEK,2763000000,2247000000,885200000
EVANVNEAANK,101300000,71240000,27650000
AAGVTAVSTSGAPGSSSSIR,74260000,70890000,37730000
SNATEEAAAPTTTAVSYSK,43050000,50540000,31570000
VYSTLGLTGQK,56040000,35240000,13580000
VIVAITDAQK,38010000,23850000,8076000
NQWTSSDVTAMK,203100000,125400000,76490000
TGSEYGLATSVAAK,166300000,147400000,70650000
AINLDTIQK,280600000,165300000,46660000
VVNSDYAAIYK,81010000,63750000,21570000
SDEEIANLADSDAK,186300000,154300000,74130000
QISLVANESVR,76610000,51180000,50020000
YSELSDEQQK,18330000,13710000,5986000
ELYANGTSLVAK,32380000,23760000,7992000
VPVNSVDQALQGK,99540000,81850000,15610000
LIATATYVPK,13920000,10440000,3045000
DMVDGAPSVVK,144700000,97110000,39890000
VTEEMVDELK,11070000,9931000,5035000
GDNADETTGVEIIK,30970000,29160000,15340000
EANPATSTQPEASK,20940000,17180000,7075000
GGVGNMFYDDAK,125400000,107500000,51120000
STYTSTLQMVK,560800000,426500000,179500000
YPVSVEYQTVK,220200000,169200000,75650000
VNNTLMLYAK,56280000,65590000,32970000
TNFGMNYYDETNK,112300000,112800000,53590000
GQPVSTLLSEEK,41170000,31390000,18940000
VEGQISQPTK,62620000,46320000,16230000
TEATAFGELNATGDK,111300000,76280000,40940000
DGNITVGAPTVEGAK,57580000,29980000,11040000
ITNVSIGLER,182100000,124300000,44500000
DAAMYNINSTGVEQSK,138900000,44420000,9249000
ENAATINIPTGGTEENTK,55480000,56510000,34160000
GSVVTATTTYLK,384600000,243200000,86630000
TGETEANVLVTVK,1745000000,1365000000,569200000
VYADAWLSSNK,11340000,13560000,5877000
GANVQTISGLNTYR,36780000,34460000,16750000
TTTTTYADATR,109000000,65720000,23380000
MYQIVGADGYASK,24630000,27550000,12670000
TFADAFAADAK,43420000,33940000,13100000
GITNNAQDMLVGK,24780000,14540000,4664000
ALDNVTPQVEVK,121300000,104900000,44630000
SVVLELANQDAK,241700000,235200000,111200000
VLDGTVTDLSDANK,218500000,81340000,19810000
DVTPYLQAADTK,6845000,5486000,2941000
IVELNLNEDEK,30470000,24400000,11990000
GLDAALNDAVAK,14180000,9489000,5380000
VNAALENEEIIK,57800000,59040000,30540000
GGVMSMEAAQAYTR,64250000,52750000,25320000
DAMSQEFVVSR,90960000,56990000,22170000
VDVYEDNDMLK,44750000,31520000,16330000
TLTANDSDSPISIEK,17910000,14300000,8362000
ANPTIANVQNGVAAYK,31090000,32230000,18510000
APEFAVIEAK,12250000,8180000,1413000
LTEVTEVLAK,15130000,9966000,3736000
YNVQFGAPGVGR,218200000,165000000,198000000
IAAVVFEEAR,56780000,53320000,22600000
VAMAGSDDEYGGYSPMR,56490000,56490000,35170000
ATQNGVQENAGAASNPFEVAR,43810000,57030000,39620000
AATEATYTFSLK,176300000,144400000,70290000
VDINELTVR,45870000,29550000,9538000
ETGEWETVSMPK,898900000,788300000,374300000
DWEYVYADK,19030000,16520000,7288000
IEQVASVSANNDPVIGK,89830000,94660000,50220000
STYDVYAGFDQQGR,26980000,26220000,13640000
TDAYGVGYDFDDK,308200000,362400000,215500000
VEELQAGDIGAAVK,57250000,53370000,25090000
ANLTGAVSTVDLNK,45550000,44440000,16670000
ALPMGNGTVQDAVTDR,185800000,175600000,91430000
VIDPADNEALYGPR,88940000,79140000,46470000
VGFGSGVIISK,147300000,106000000,35860000
DGEAFVFTTK,266200000,160600000,53680000
VQFENPVEPEQVR,47130000,43230000,23520000
AVVEVTPVLK,792800000,527300000,183900000
EVAEVNEAANK,9749000,7036000,5226000
EAVASYEAR,11610000,6674000,1811000
NVLQFVANDR,29180000,18720000,9317000
ENEELVNFYQGK,1441000000,1251000000,622300000
NSEYWYNNMNNIR,22780000,21950000,10520000
AVDYIALAPK,20640000,17150000,6299000
VSNMADLQEAIAK,74810000,77870000,35960000
SVVSYGGVQAGYLEK,25180000,30680000,18730000
TDGTTATTTMNIDFK,26550000,29910000,13650000
GGPNGDYQSPTGANHVK,25370000,28560000,17230000
FVSTTETEVPTALK,266700000,242800000,121900000
IYDSYLTIK,519800000,390200000,164000000
EVIANQFVADSDYK,56530000,79570000,25070000
DMTWVVDGEK,43010000,40760000,17660000
NLGINAGLINR,49340000,39540000,19510000
YGNAGWTALMK,21540000,13010000,5740000
ALPMGNGTVQDAVVDR,30460000,35910000,22490000
EGDLSGYPEPQDLTQR,80060000,90260000,59730000
AIANVEALMK,35410000,11490000,3375000
VIVQFVVNR,50030000,29310000,6998000
GLIAELDEEGNTK,18240000,14990000,6957000
VSDIDEDAINAEINR,32960000,31660000,18030000
ALTSDDVLTAYNDPK,78610000,73720000,44090000
ATYQAPSITLPEK,46150000,40820000,18140000
YGISVDGMTVK,2935000000,2009000000,721900000
LGFNLSDYK,83920000,56370000,21470000
VDDVIIGLDNK,48950000,99780000,17880000
TSFDYVPEMAK,618800000,522300000,238600000
IEQVATISANNDPVIGK,30770000,34900000,20690000
LGLTATYTATGDDLK,69980000,60420000,38180000
HGIGIYDEK,401500000,208300000,67590000
NNLTALLGTEAK,9220000,7206000,3120000
SELISAMAAESQMSK,113700000,167400000,128700000
GDNVDETTGIDIIK,57450000,50410000,38140000
LELNYAQLPAK,34150000,33580000,15540000
FFTESDGAQIGQNLDK,63230000,66340000,38030000
LIANAQEEAK,19940000,11340000,7838000
IEVTQTQETFPLK,175300000,137300000,61380000
DLEYEGGITLK,67430000,57040000,25750000
DSVWWTSEEYK,284800000,222000000,217600000
VGTDLTIADAAGNPMK,4203000000,3684000000,1902000000
NIEGANVQTISGLNTYR,112500000,130400000,81690000
TFDVGVDFR,146200000,89390000,18600000
LLDAMHAYENFEK,25570000,21540000,11410000
VNILGEPLPNEDK,21540000,15710000,6799000
GDVAGTDYPK,76260000,43250000,9386000
SFDFTMNNTDIK,61340000,54510000,26370000
VGDITEDPIAAVGR,463700000,353700000,154700000
VAGVDVITAGGTPGAGAQIR,52170000,60580000,37210000
AYDLLNDFQK,19190000,13860000,5990000
GMFSIMNYK,22960000,17470000,5263000
GDTGAAGTPGAAGADGAPGSK,147400000,147000000,81450000
ANMDIATNR,139600000,68650000,17240000
TPSASFDTGSK,145400000,75930000,59030000
SANVLIQNDGTMIPDGDEK,95320000,115500000,78750000
VAGLGSGDPYIEPEQPDEYK,349700000,496700000,398500000
AYYGETVAILEEK,91570000,83740000,44620000
AVEDLLDAEAYK,40660000,28300000,15500000
VYGSFEYFYR,26380000,21760000,11840000
DLSLYTSEGETYVK,41280000,39040000,18160000
FIGGLNIGASYK,30610000,19180000,5583000
VAGLGSGEPYIEPEQPDEYK,54040000,108100000,74530000
TLQEAVYNYIK,32930000,32940000,19470000
QEAIYTQATK,59250000,44900000,19360000
FSEEAYFAPLK,35260000,25580000,13540000
MQAMSCSGPAVDAVYR,17560000,0,1517000
GLVIEDLDYR,10020000,21540000,10470000
IAQNLPNYTIEIK,131100000,144300000,56500000
YAFQNNINAYLSK,34300000,44310000,27240000
GQTATEYINLISTK,17460000,10760000,4025000
LVYSLSDYYVGDNK,62200000,65850000,39360000
DGEPVADMSTGVADITK,218700000,270200000,186200000
LATYSYTYNLTIK,45440000,42680000,17660000
SVSYDAATGTLTIVDSNDK,18590000,19900000,10570000
IYDTDIIIYR,99570000,61980000,41590000
DYVTLSATDFTK,125400000,133900000,75750000
AELISAMAAESGLSK,49960000,25890000,12650000
DYVTDFEFDSGK,18810000,16090000,7738000
LAYQAGNVDK,143400000,97840000,37170000
TLQSSFFANLK,56220000,44410000,11280000
ESPTLQMLDIQQR,29590000,27980000,16130000
IYATADNLGLWSK,25210000,22490000,10030000
AAVEGLNTGFTAVVR,258900000,219300000,95450000
FVSPVSGVVTSVER,35010000,29810000,11730000
GGGGVGDLNEVHR,14630000,10350000,6287000
VTATSEIVGPSVDVIK,486000000,559900000,336700000
TANSDVIVITSGIPR,26220000,18590000,8536000
LSDINPTDIASVNVSK,80600000,74080000,39290000
FVIQAGPQDVLK,236000000,209200000,100900000
IPNVPTEGFVMTNR,417000000,439900000,246300000
IDWMMNIK,12380000,7131000,1973000
SGAPVYLFEVK,38540000,33390000,18540000
YYSNNAAVLPAPFK,188700000,166200000,91820000
DYDDDIDNLQTQIDANK,13840000,15970000,12670000
SLEVIANSLAGFNHSK,58540000,69120000,32590000
NGLPIDEDPEFDYQNR,30300000,39490000,25800000
ASWGVNGNDIIDNEAPYTK,31880000,39620000,26140000
YTTVAAEDLLVTPK,575400000,566800000,300300000
EVADIPTGNVMSGLQGR,32270000,30780000,17360000
EPWVTGVDVGNYPQPR,54120000,70450000,45840000
ALISFDEEIPSK,571300000,585100000,315900000
YQNNAYLSQER,9392000,5835000,2950000
FSNETFFEPLK,15570000,13500000,6144000
TYSPVEWIHIGR,12930000,11520000,6095000
LSPENSAIYASLPEGVAR,85300000,104200000,67630000
EIIHNPSYDVLFAEETK,29700000,37230000,28160000
YEMEDVVLIDGR,34750000,24900000,13520000
ALDAFIASVTK,45300000,31240000,13240000
ELNEALGNLYVAQGQYDK,64140000,73650000,58310000
EIELADAYQNTGAQLVK,28790000,27710000,21750000
LYQEGSISAK,338500000,265300000,131500000
YAWLEWDEASK,27370000,28100000,12600000
AQNDIQNLEK,24620000,42660000,27220000
IIIEAEGVSYEIAK,282400000,280000000,141500000
GFTTGIDQNYGLSGPVYTR,114200000,155300000,114500000
GNNVDYFPSVSAGWR,46290000,46060000,29860000
VSTEWDGER,237300000,140000000,53200000
SQFQYSSTMQVPVLK,114000000,134900000,77450000
ATGFNIANIDLEK,76660000,63630000,36050000
AFVTTQNPFIISK,59270000,51600000,30330000
YFTNADFMSIAK,31070000,26210000,14420000
DAWGNEIISGYDVK,639600000,658400000,355900000
TYGDIFGFETDR,33550000,31110000,27290000
LIATPGGAFMVPEGEER,13060000,12450000,6289000
GEGENIQYTADR,26420000,23250000,14270000
IGTVGDAVSYIEEHAK,19730000,23740000,12540000
IAGVNITQGGGAAGAGSQIILR,123800000,2706000,60180000
IADSFSNDANTK,210600000,164300000,59770000
AEDAINAEPLCEVAYNNK,75930000,86540000,50870000
VAELLEIVDDK,91970000,67710000,29480000
VYDATSDIK,8272000,4255000,347700
DAFGNEIISDYAVK,10300000,12730000,6257000
VVTISGPDGYIYDPNGISGEK,46090000,65440000,50300000
LEAESQFEK,18260000,13370000,6450000
GLGIVVNNPDFADVK,17110000,19130000,14940000
YAMEFISTALK,11960000,10080000,5130000
LTNDGTYSNLSK,324600000,260900000,102900000
IEIPTTATTVNMYYGR,197800000,208700000,136800000
SSDEITVAPYDAWGGAYEGR,119300000,199100000,161100000
LSPENAAIYASLPEGVAR,42980000,46850000,34070000
DLWAAAAALK,12260000,10420000,1700000
VLNAGVVVLTENSLK,63300000,66140000,31900000
YFDDPSTITEEEVLR,13020000,11730000,14290000
IMIDPELAGIQIEHK,20460000,19820000,11440000
VLNAATDEQVNGR,38990000,31340000,13510000
AVEDITTYPSILGGR,72500000,74930000,40220000
FEPLSAYFDATK,42780000,42140000,26400000
AAAQAALDAANAK,63480000,47400000,18340000
AVAAGNDVETYR,18360000,17500000,19110000
SVGSEAPYVDLFYNK,8690000,9456000,5565000
VDMEAAGEAPANK,63380000,56470000,28270000
SDFQGAWLLYR,115800000,98260000,40600000
LFIAGSDIGEAWK,51120000,44470000,20550000
LYNYLLDNFETK,74160000,53610000,31320000
GGISLNVFGPSPVSR,98400000,72510000,35050000
YVDAFINVLK,89710000,65410000,23320000
GSADAITELNSFMK,14860000,15320000,7433000
VADGFGAIIALK,8963000,6140000,2353000
AGDTGIFFVDSQLGQR,31560000,41350000,24740000
SYIEISFLK,30060000,19450000,3387000
NATPTPGLDNDVLYETTFK,282800000,411600000,300100000
AYLNFTDGIGSFK,25620000,26080000,10750000
LTSDGTYSNLSK,43820000,41390000,22920000
YDEAMQFADDMLAK,39880000,27000000,13890000
ETIEFEGETYPLLK,102700000,103000000,50950000
FIAAIEAALEK,502100000,450000000,133200000
GWTEAITMMPVGSK,39370000,36430000,20170000
DFFSYNNNIDVMR,43350000,55370000,34540000
TLADEILPQLR,44720000,34350000,17240000
IAQEFLDAANDLPDTQSQIGR,34210000,44200000,37370000
IGVIFGAGIGGIR,18960000,13260000,5072000
MGLATSTTDQSALDAFNAVR,47710000,57230000,36980000
STIIEQIAATVK,39210000,24450000,9324000
IFGSAYLEVEPIK,18970000,22150000,12350000
IEGDDFPTIPVGDSEALK,49370000,63120000,42670000
GGNSGIFYLAQEVTSK,50880000,47490000,19070000
ILVGFLSQIK,17440000,13930000,5829000
VGELNYEGLELLNAK,16890000,17870000,9778000
VYYNLNMGPEFEEIDK,44650000,54820000,90920000
IDNAGSLGVQSNTSGK,302700000,273600000,131400000
DLMVNEFGVPASQLK,174600000,197700000,125400000
IGNTLSESGTVSR,72560000,46450000,22310000
FSVVPFPDGATYGEGQTIK,52460000,85960000,64900000
AGAEGGQIIENPILSNFK,31290000,41090000,25780000
GTFTYAHNEITK,153500000,133000000,80320000
LGIAAQSVGLSQAAYDEGLAYAK,78390000,66230000,1439000
ANTDWQDLIFR,27850000,23360000,12700000
DVESALPFFK,5362000,3124000,552500
LFEELGDSIDFK,71690000,74410000,42510000
VDSDIIDNLIVK,213900000,94930000,27510000
LSIENNSAPVEIPDFTR,42480000,56340000,41110000
AEGTGTLTAGVSYIFGGK,41380000,43550000,18050000
DEEATLTNMHAR,1426000000,12930000,451400000
FYLSGSNLITFSK,311700000,275500000,133900000
ADLIEEIIYQK,97160000,81530000,30940000
DVADIPTGNVLSSLQGR,53840000,62230000,33750000
VSYYDYLLEQDVVR,66800000,89220000,65500000
EVAPDVNGPESLYFFK,9515000,13960000,8136000
AINTAWFVFGTK,32910000,23380000,6921000
SLEYQYFPFDPQGYR,22900000,28960000,16440000
SGAPFCLLEVK,13490000,4730000,1569000
YFTNTDFMNIIK,68070000,60650000,35470000
EADGVADEDNAGAYSAR,93220000,116000000,67620000
NLLPLIIANGGVDK,87190000,77980000,38960000
SLVTFIYVGEPTQEYR,46020000,63130000,42510000
QSSITGVYEIPVTVNPIK,400000000,478800000,295600000
VFDLISGVGFAR,38550000,35950000,21470000
YVDADGNGTIDTNDR,71610000,52670000,20200000
AAAWLTGATDAISVDPMK,29190000,33630000,21640000
SSGNDIVAPYADEFPGSTFVAGK,65430000,94460000,75610000
LIYVFDYMTER,48430000,48170000,26730000
ELLAAYEFDGDNTPIIR,71000000,81770000,54410000
FVIEATFDPAEVAAVPHTATVK,111300000,182800000,139000000
NANATQNPLALLELK,22380000,18330000,6159000
ITVNPGTYNIFAIANGK,174300000,199700000,129100000
SQNVSNIIQLGGTILK,8506000,8597000,5526000
AEGVVYIFDIAR,65400000,52430000,22640000
ISHIISENK,134600000,88920000,32070000
TADGDTNLTIEK,108400000,72720000,27700000
IINITSVSGILGNAGQANYSASK,61180000,85030000,50960000
ITASQVFHVPFEEVTDLQR,14620000,16870000,12380000
ILDYAEAGDNIGVLLR,459700000,468400000,298000000
AIYEEWLSNPYFDEATK,109500000,139800000,105600000
PLWFFLER,20270000,15950000,3997000
QSPQVLGLQFVDTLGR,35990000,37210000,17270000
TPEVLANSPAAK,61470000,46110000,18630000
GIDSMTYGSLGSGILAGAIR,4048000,3718000,2217000
VYIEPLTLEVVEQLILK,61110000,70180000,44560000
ISVIADLLPILEQIVK,30570000,39840000,20920000
LGGDYVDTEDSGDDK,187400000,151400000,76450000
HFDMNITR,1774000000,1125000000,320600000
TQSFYDGDEVK,143200000,102200000,32990000
EPTADQMAAYEK,188800000,146800000,68280000
DAFTVDADGGK,31530000,18890000,7798000
IEQGIASLGK,28720000,11880000,4063000
LAAYGIDENK,1746000000,1132000000,447500000
IADTTEFNTMK,1688000000,1189000000,503400000
AGIQLDESASPAEK,109300000,89920000,39460000
SGGVTILAPHVK,75740000,58070000,24330000
DYVDGTTPSGTSAYEK,888600000,782800000,399300000
INGLEVSAPK,35220000,18490000,17630000
EAEGEAEALIK,110300000,73750000,28070000
AGADMMDGLR,122600000,63880000,15000000
MILSDSVEER,226800000,119400000,26460000
VVDLIQHMAK,306400000,186000000,54410000
VANDGVITIEESK,318900000,226500000,91850000
IHPDSDFGNHIIPR,35110000,27240000,13490000
ETTTIVDGAGDSEAIK,101900000,94320000,71740000
AQITGLEACQQNSK,24560000,18240000,7328000
INSAADNAAGLAISEK,128600000,123000000,61130000
AGDGVSFELK,19990000,12650000,2408000
HVLIEGNYPHHGAVAFGNYGK,156500000,205500000,144000000
MVELATQSANGTYDNETDR,379700000,442500000,278800000
LIFTSESVTEGHPDK,104800000,91680000,45610000
AIGVILAGGNNEGR,27160000,24510000,11110000
VTVMNDFVK,618800000,404500000,133200000
YDTAQGGYTGR,19630000,11270000,2903000
AYNFQGTLNQVK,28780000,20670000,9762000
APIIMINDSGGAR,162200000,109100000,33800000
VSADGVITLEESK,64680000,45650000,17260000
EVAPLEATSVAQATK,128800000,104300000,59200000
VDVISASQVVR,2870000000,1935000000,699000000
LNTETILYK,117900000,70130000,24530000
LANELIDASNNTGAAVK,106900000,63430000,30760000
FGVDTSYIAR,477900000,286100000,109900000
TDVIDGEEGPLYR,51510000,31480000,17020000
ALESGVNQLANTVR,126500000,104900000,51670000
VENGTIYVNADELK,224200000,121800000,62100000
QTVTIGTYEDYGVK,76540000,82710000,43840000
ELVEEEEALVK,30450000,21580000,9248000
GSAYQALQDSTGEWGDK,18240000,18870000,14440000
LFASDVANEVTR,180100000,133000000,57730000
IAMDPASTELYDEK,387100000,358400000,191700000
ISGLSLYMNR,178400000,108600000,33870000
LAAAQAEISFPR,22640000,18040000,8650000
ITITAGSNLSDEEIEK,27890000,27010000,13510000
GYLSSYMATDMEK,52500000,47810000,25380000
SELYIEFK,20900000,16240000,7121000
LDVVSQPTIDVEK,29550000,28590000,11240000
FDPYEGYENETEIGGR,194800000,204300000,120100000
INEIGIGPQGFGGK,2344000000,1985000000,923100000
DVLIPQINK,80550000,44900000,12940000
LTSDNEEVVK,665000000,342300000,108100000
GIGIAILSTSK,36640000,25180000,8887000
IDGEELIVVR,34590000,22280000,8051000
APNMEGYQDFLK,10690000,10060000,3292000
AQLLQQELFR,454300000,326300000,116400000
ESDWFYADVAK,93570000,77820000,34060000
LDHTLNNLETTTENLTESESR,21910000,36020000,23600000
VNTADYNGLFITGGR,72100000,74300000,39760000
LVEADAEAFEPLAK,398100000,345900000,173400000
INVINNLIEK,34120000,22070000,8688000
SIAEIGYFDPTK,46370000,37610000,1914000
MLYGWVVDGER,253300000,200200000,78780000
EADLILATGGPGMVR,35250000,26480000,13390000
YFAGEEFSVGEIR,306000000,250700000,115500000
TPEIYFVGNSLSTR,915500000,796400000,539000000
VYAAGIDVVSTEPIK,13020000,14020000,8594000
GQEIAQNDLAK,44020000,28700000,12660000
VQINDLGFMGAPK,33350000,28150000,13520000
FIADHNINLYTIDGVK,38580000,42260000,23290000
DSLGAQTYPNIIAVK,17700000,15350000,8628000
DLVVSDVIYNPR,17690000,16950000,9299000
ANFNDFGLMGINK,11100000,11600000,5707000
FIEDLNVFK,21170000,17650000,6595000
STPYAAQQAADTAAK,41740000,35370000,49860000
FGSIFDATQTMVAK,49980000,52260000,22270000
VAVIGSGPSGITCAGDLAK,15320000,3945000,3536000
DDTPMFVMGVNQDAYTK,321100000,355000000,233700000
AYIYAIPYEYYEK,41790000,31000000,16500000
IGGNAVTDIVVFGR,117400000,85640000,35870000
VLNMNGVSTALNAAPEIR,20110000,26090000,17220000
LILQELYDAGVEK,12020000,8960000,4812000
LFADALMGLK,123300000,75200000,17570000
DDATVENIEAMIK,12540000,17000000,3394000
YDESISSIELEISK,11340000,11400000,6385000
YSGTEVEVDDEK,71030000,50180000,21820000
FISPLITNDGVSIAR,37670000,33480000,17670000
ILNDFFAQELEK,18320000,24430000,9076000
NESYQYAAYR,36170000,27680000,9394000
AEIIAYEDLGAEAIR,241800000,249500000,132700000
TILENLTIAPIK,86130000,65290000,27530000
VLINTPSSQGGIGDIYNFK,160800000,183100000,115500000
AVVEGDTDNGSVLAGQIAGMITK,155600000,190600000,126700000
MIADGVDTFIEMGPGK,133000000,84630000,29960000
YGLLGIQFPK,220300000,160800000,62460000
VLSEIQDGTFASEWIQENK,33190000,40040000,26070000
FPEVQVIAGNVATGAATK,660700000,673100000,372800000
QNYALYPHMTVYDNMAFGLK,22980000,32000000,24420000
IVFIAGGVGAAPVYPQVK,23320000,25870000,14010000
SNPIGLAEFALSR,35370000,33730000,15070000
GVLGYTDEDVVSSDFLGDER,110100000,147500000,108200000
GLDANEALEK,225400000,125400000,100200000
TTPIILDDLR,178300000,119200000,44270000
MEAALEDPYILITDK,22690000,23490000,13560000
TAVETLTGEELESLDFTEVR,139900000,171800000,124100000
MILVNTEYISGK,24800000,17470000,9047000
MGILLDLSPR,41000000,28070000,11070000
YDQEIILR,31870000,14300000,5391000
ENPLIVSVR,4122000000,2591000000,863100000
ANAVPLQLPIGK,57910000,45730000,16970000
LPLFSGSGLPHANLAAQIAR,83670000,95680000,65300000
STETAATPAETTK,5537000,3651000,1248000
TTHSYGTILENVVYDTITR,162500000,208200000,155300000
SFLDELAYLQK,25810000,19760000,8993000
VYEPWLTAFVTR,35780000,29700000,17040000
ISGNFALIPQFTYTGTR,835300000,947900000,579000000
GVTEAMENGIVAGYPVVDFK,1208000000,867100000,433400000
DIFGETVTILGK,26570000,18610000,8917000
DVSYTPGDGPFPEFYEPVESPTK,44450000,65640000,56410000
NMSVIELADFVK,11490000,10690000,4667000
TSLLEIASGMIK,46790000,87990000,50690000
DVSALVLGGHGDTMVPLIR,15760000,24390000,15370000
ELMACPDIDGGLVGGASLK,9767000,14010000,0
ENMVAAESR,68570000,33070000,21200000
LGVEVVLESTGLFTK,151000000,143700000,44350000
FVEDTSSGDR,5514000,3666000,1256000
INSASDDASGLAVSEK,273900000,247700000,128000000
VSYDLDPGR,56790000,20750000,16970000
TGAEMVIPAK,84000000,41740000,10330000
YDFEDYGNR,639500000,427800000,168200000
FYSGLYASR,86680000,55870000,17330000
GMWNEINQR,51340000,23120000,11510000
ILMTAESMAK,21980000,14980000,3513000
AEVETVLAQTGK,94330000,66460000,16680000
ELAVQAGDPAYTSNDR,38060000,46190000,30850000
YGMNEELYGEAK,16400000,25150000,15510000
VTGINPTDLGK,54640000,27640000,9507000
VQDAHTGAFIGEDTVTDGR,32430000,38540000,31160000
DNTTIVEGAGNTDDIK,102900000,99960000,53280000
ENAAAELPENAGQEGIK,70020000,87160000,36120000
AEFLAHGESAK,36760000,28980000,12850000
MENAVGVPEDQLR,147300000,110400000,68970000
LSQLAQFTNADGR,304100000,246800000,113000000
GEAAIQHIGR,147300000,86380000,29060000
TAVISEVYPTR,22680000,17420000,5189000
IIESLDTAVGR,113000000,84310000,35420000
VSLVYGQMNESPGAR,71460000,57220000,31900000
YPENDMTSEVLK,115800000,86970000,36990000
VSQEQQVGVNIIAR,99170000,86020000,38160000
LEYTISNLNTTR,283000000,223800000,100200000
IYLQQIDGYK,45440000,44690000,20510000
VGEEIEIVGIHDTSK,249400000,243300000,112800000
VVEQFIGMQPK,63700000,51070000,13150000
FEAGEVVNAENLK,31380000,23020000,16100000
LAYSYFMK,15160000,12510000,5823000
FDNIQGMLR,17250000,14050000,5437000
DSLVLAMQAR,226300000,139400000,37550000
LDMALEQISK,21200000,22620000,11380000
QIQSGAPAGIFISANK,14390000,14980000,9215000
IVDDGHFFEVHEDFAK,14440000,15970000,8967000
VTLEGSDTIADLESK,163000000,138200000,66500000
VAATYSALNGTINAPVSDTR,159100000,175900000,114000000
VVVLDPNPQIMSK,69780000,57100000,27060000
QLANQTLTGSK,275900000,110800000,29310000
VVLIGGTQYAGELK,222400000,198600000,98420000
NEITYGEDYIAIDGK,17220000,16660000,9074000
ADHYILAGR,61110000,28280000,5848000
AFEAGDVWQLK,7984000,6012000,5104000
QDTIPVVTMSGVSFPHETHR,21580000,28880000,18920000
AFSLLANDLSAK,16540000,12390000,4538000
YISQAEEQVK,24370000,16210000,7768000
APFGEIIAYAK,169700000,28120000,41320000
AIVNAILDGEVDK,63270000,48810000,27500000
IFGAVYADPEAQGSLPR,157900000,189700000,90340000
FEQDYLSYLK,103100000,81800000,11570000
DVNPGHIVR,49310000,37840000,9795000
AMLQLEVDQLK,71430000,67150000,35240000
FEALVSDLVEK,43410000,34230000,11730000
SSDYMFNYLPR,21850000,15600000,9653000
VGIDSIILNANHDELK,31570000,38330000,22580000
VIGEFAWHNMFAR,7702000,8113000,5123000
GLASFVDYANIDK,123200000,117400000,53200000
DITEITMPLTK,43100000,26990000,11530000
GFEATELDIIDNPK,21360000,20770000,15530000
STMNGISFGDTGLLK,73310000,60880000,27020000
DALIEAISSDAPYAK,49620000,56610000,71650000
YLTTSQGIPVGTDLSSMTTGEK,35650000,50440000,37430000
VNNIPDNVLFDMK,10920000,9557000,5885000
VYFSYINPTDIAK,41640000,41020000,18870000
ANGVNAYLVNTGLFGGK,60700000,67470000,45310000
SHSLMLIDQFVVDR,10720000,9285000,7088000
YLNWYNQILDR,9888000,7658000,4861000
AEGYNQIADIFTETANNEK,261700000,321000000,225200000
GFSSVMIDGSHLPYEENVALTK,40780000,64620000,45910000
IEGVDLLIMR,107600000,66730000,23220000
ALDLGAVDFMTK,25720000,24200000,7123000
TTLTAALTNVLSQK,36320000,36170000,16320000
INSSDLITLLK,7191000,4617000,633600
DFQTDPGNLGIFPR,144600000,143800000,67790000
DVNWDSSAAK,34430000,18120000,3582000
VMPLVIADYVEK,28570000,24020000,11340000
LIGQFDLSGIAPAPR,28180000,32990000,49840000
QAWGAYSFGNAGALLAGK,30100000,39670000,22840000
GGIDEVLTAFEQSK,32680000,32130000,20750000
VFANLDLVGLIHR,7516000,9340000,2821000
ELEEMFATDFIK,5439000,7017000,2619000
LLDEPLSNLDAK,176000000,121500000,47760000
SEYDGAQDYDFVLR,253400000,248600000,127500000
DGDLIFGLNETR,31820000,30600000,17550000
ILLLDDSIVR,204000000,108000000,32960000
LFEGIEPDPSVDTVMK,72580000,94610000,65420000
ETEAGYEVDIDLPGFK,11600000,13110000,8371000
DLNTDVTAVLLGSNVK,26960000,28000000,17270000
SFEPDWIVSMGGGSPIDAAK,482700000,628700000,484900000
LGEADLAEVR,58730000,31530000,5061000
LGDHVTLALNPEK,117400000,96090000,46670000
ADTVSATDDSIIVDGK,256300000,225600000,94380000
LEHTIANLDNISENTQAAESR,215800000,332300000,273200000
TFHSGGIAGDDITQGLPR,21900000,24420000,17760000
SLLFNEDGTPTAR,68940000,59730000,30180000
AILVIGGGSMK,121400000,68260000,21090000
FENDFDLVSGR,19950000,20390000,11920000
LDELHGLLSENVAK,30420000,32640000,11100000
LIEVIQGENTPDEMR,103100000,102400000,56420000
FGTGEAVAFENIDK,103400000,83290000,49600000
MIEESPSAALDETLR,130700000,128300000,72230000
LLGEYGGAIPK,17010000,12700000,5417000
SHADDINYEVAK,231400000,179600000,73880000
GVEVSALDHEK,82470000,55070000,19460000
VTDWMIAEFK,24290000,20400000,10930000
MTTAEIIEVIK,87220000,65790000,28100000
LPIQYAIYYPER,15290000,11690000,4797000
LGSYYLETGFGIR,231600000,202200000,94130000
ATTWNYADIGYFR,1312000000,1196000000,582300000
VFGDYEEGVLADFK,78740000,75910000,40990000
YSDTASVIASK,81110000,49300000,19080000
LLGIQVFGAGAVDK,54440000,46150000,22180000
GTLHLNEELEILGIK,94110000,89060000,47390000
EGYEQIAGLFLK,20310000,18480000,8411000
IAMMTIDGGR,194100000,112900000,34400000
QIHIGQEQADPVTDAR,56090000,52240000,28800000
INNTGLVEIPMGTTIR,739900000,834500000,422500000
LAESGDNADVK,383100000,247300000,92800000
TTEATIGNAQDK,19650000,19100000,3781000
LVLAYYDQAMEALK,135600000,128900000,64650000
ILILDEPTAVLTEK,19870000,18200000,9086000
FVLPGTEVLNEPLER,268100000,255700000,137500000
EQGEEENNAETLVK,185600000,158700000,83280000
AVIFAGLPDSFESEGYDR,16830000,24650000,13860000
ILINDMLDTMYEK,103400000,87600000,53120000
MFAALGADAVGMSTAGEALAAR,8347000,11460000,5861000
VPTPTGSTTLLFAVVNK,4070000000,4139000000,2336000000
IFEQSGGAIVAEYFDEGYR,58280000,78740000,57610000
FNIAAQSGEDFSYLPAIEK,225300000,274200000,185300000
EIGIAGIMGGENSMITDDVK,75350000,81150000,50950000
EGYAFSPMFTLGYK,74880000,102600000,27840000
ASSVLALLYGVR,34340000,26790000,9472000
ETFSYGTEEER,96080000,71480000,31780000
SLAETDATTIIGGGDSAAAVNQLGFADK,33220000,50730000,41230000
DDYVYLPVLDGPDGTHNVTLR,180800000,231400000,180600000
VIDNLIQNILK,50650000,36980000,16350000
SLFTIPIANIR,222900000,154400000,56480000
DVAPVIVASGLGYMAEK,19760000,22050000,14120000
LVNSGINPLVFPGLK,768100000,719400000,386100000
GFQAAAAAAHIK,93740000,62610000,23200000
TVEIMNPLGEDYSIMR,99210000,101900000,64410000
VIDSVIMPGAVVEEGAVVTR,475000000,421300000,279600000
INIPSTLGNNWVWR,202800000,194900000,102000000
ALESPLYHIVSNAGLEGSVIVNK,1116000000,1555000000,1206000000
TLITSGGLGTMGYGLGASIGAK,60110000,66140000,43990000
YDLILGPVAPTTAPELGK,94900000,104900000,61190000
TAASLFDEDWPIYTR,34030000,41570000,27500000
HEQYVTGLIHTIYDAAYSVK,38970000,62610000,39570000
VEIFGVETSILAR,14400000,11080000,4124000
AALIFGNVTPGDAANLMK,198300000,220900000,145200000
VSVTNTFGEWLAANGMK,16850000,18380000,9856000
LADVIDIFVK,18800000,10400000,2420000
DNVVMFDGPLASLR,31920000,22110000,14770000
LPIFSMSGLPHAQLAAQIAR,55910000,65430000,45610000
YGITGTTEIVHNPSYEMLFEEETK,16750000,25140000,22420000
NAVTIGMFPDIELEK,12640000,12420000,6389000
LTDLYETWMPYVDEK,10990000,15000000,11840000
INWNVMSDSLAEQVNIR,1507000000,1631000000,997200000
QMGEAAILEMYFK,87230000,82630000,41940000
LSLDGLFSQIK,5517000,2075000,1170000
EEYVDMVAAGILDPAK,12340000,12340000,8796000
ELTVLELNELVK,904100000,743100000,334300000
DAPASAENTVQSEEGDTK,312900000,296300000,167100000
TLPILFAAGTDDPVGGYGK,26440000,31940000,17260000
TMLEQVLMDIQK,156800000,130500000,61740000
ATTYGVGEMILDAVGR,8771000,10360000,4859000
ELGFTTEQVYTTLELR,84450000,91080000,60350000
TYPLVHDYEK,19110000,13250000,4769000
VAVVPGSAFGECGEGFIR,30360000,22220000,12850000
ITEPIYNR,4783000000,2887000000,968600000
AIMEGIMMDTMFR,24310000,23270000,13960000
AEQAFQLITYLTK,209000000,183800000,109400000
TIDQVYDLFAVR,36890000,28010000,14960000
SILATAQELNSPVILGVSEGAGK,12420000,16050000,12080000
VIDFPISNFSNSDIEQIK,780800000,955800000,641600000
DWFNTQVAEDWVENR,687700000,756800000,472100000
VGEILEEFFR,32540000,33330000,9454000
SFTILAVAEGAISK,546100000,442600000,199600000
ETSDPGDLIILLGGR,12880000,16220000,10700000
VSSAYPGTPSTEISEFLVQYK,25810000,33720000,29320000
TSLVEAMLYVSGATK,562400000,491100000,265700000
YNAFSVGPLVAYQLAR,267100000,288700000,173100000
IQGGYVIASGGK,126600000,85480000,31770000
ITETLQMDHLIMEALR,11810000,15120000,8479000
YFSIQNFTDPFR,98940000,92860000,45720000
SVGAQLVNAEGK,3586000000,2284000000,814300000
EMYDGDFFLTWEK,9378000,10060000,4821000
VGDEVEPGDVIGTVQETIVVEQK,47320000,69650000,55240000
EIPSSIIGEIVMER,21580000,19470000,7800000
FWVSEFDIDGLR,33380000,31310000,16110000
AYEDGLIHGILTTNLIYR,36280000,43040000,27420000
VDIVEWASFTPMR,938600000,856000000,439100000
VYLDTSVISHLMQEDVPEK,21310000,27670000,17630000
LFDLVPEVLDK,10950000,9554000,4745000
TELLMPFYWK,7215000,5137000,2541000
LNQMFVNLISNAVK,23300000,17820000,8676000
LYGGVSGSADEAVEALLAGK,6175000,9099000,2387000
STLLQLIGGLR,228900000,135200000,46250000
AGQLFTQDIYEDYIDEVK,12950000,11010000,6195000
ASYYILGALLGK,16160000,15500000,7441000
YGLVTFTWGNVSALDR,57890000,57830000,30180000
TFLEGIFEIR,3451000,1531000,330700
ENFFTISEFTLK,104800000,107900000,57020000
DMGNVAFIILR,35070000,24250000,7483000
ATEQQVAAEVAAK,293200000,240900000,81800000
VSVEEYIMLLK,48410000,28850000,10390000
MFVFEDIVSMDNR,14930000,14330000,9352000
ELLDEYEFPGDDTPVIQGSALK,799800000,1113000000,860700000
MITNQVLLNTIEGLK,29250000,27900000,15400000
QIVLATSTAALPAWMVK,21670000,24340000,14050000
AISPIFGIMEQQSGANGWTTR,12910000,16460000,12020000
VYTSPDILGIELGGSIK,24080000,24370000,11840000
FSNDPVMLNGTMYWDTLR,10820000,12800000,10260000
IGDSWITDLSQIAR,12390000,14160000,9213000
YTAQQFVGR,246100000,146700000,58400000
AEIVMNEEPVDLDGLNYLK,355900000,468600000,302800000
LDFIFSVIDK,148000000,119000000,50260000
MSLDDLFSQIK,330400000,279700000,122300000
GYGAPQSFMGGDIALDVMAAK,95410000,113900000,84270000
GYGFISDSEGNDVFVHYSGIVTDGFK,190100000,306500000,301200000
DLWAQVLDLQK,352400000,248300000,87640000
TFLLPSGFTLDGYK,1040000000,953400000,442200000
NLESILGGLLK,42980000,28650000,8539000
VVAEYLQEAWAELGVDLK,113100000,153600000,108700000
LLLIAEDIEGEALTTLIVNK,608500000,764600000,511600000
YLDLSEYITTELDAELLK,203400000,259000000,163400000
VEFFQLLVDVGFK,46850000,58880000,50380000
MIDFILSSMVNSGIDNVSIIVR,59440000,103100000,81010000
DLSALFHLIADSQELYLPVK,309000000,413400000,347100000
VEDLIAALEAAFEAVK,28710000,32010000,23600000
AAPNALYIIVSNPVDIMTYVFTK,88090000,108400000,94410000
SVGMVDEAYQAVADIVAEGGTVLFVGTK,405900000,641600000,578400000
FSSVIVAALPMLIIYPFVQK,287400000,411800000,289200000
FSVLTAVGLLPIAVSGVDITELMEGAAAGR,48970000,80650000,81130000
LGANEAPPAIISIFLGEQLEDVMEQLISTGEATHSLK,42500000,77430000,106700000
NADFQAFVEAVAAQAAETDAADIDAFLAEAWK,19960000,42960000,40660000
LFEPNMILMVPLMIETLAK,16970000,23510000,21340000
DIVPLLAEVVDSISISLNAPNK,83600000,109600000,83700000
ASAFSPAFGMIGTLVGLVNMLK,34670000,43320000,35100000
DLETIIETIVDSAMTVK,4843000,3762000,1993000
GTDLIAEIAQMFDVAGIETEIIAASVR,46350000,76180000,72470000
MVAGLEDISGGTLTIDGK,537200,727800,279700
YSYSTAVGLFNTVVNVILLIIVNK,5389000,9078000,6959000
HSFYNIVSK,660500000,351200000,118700000
NSEAQLFER,213900000,124400000,39550000
VAAGTDMNALR,1148000000,641900000,203100000
SLDEHLNSAK,6181000,4010000,1133000
ISVGNGQATPQYQAGQK,421300000,418800000,232900000
TLVASTASPYK,98610000,56840000,17440000
TYPLSNDYEK,243000000,163700000,65760000
YMQYMVDNNK,15180000,10700000,3573000
VGDNMNNVAVTEGDK,16060000,17040000,9495000
LDESLVNTK,25440000,14750000,4677000
GQATEIEIAAK,52760000,31340000,12110000
ESTDIEQLDSGK,56270000,30440000,5483000
VLLENNPSPTR,162600000,116100000,120600000
LGSTLSEEEYEK,137500000,126500000,67370000
AGDEPNVAWEK,5705000000,3935000000,1511000000
EATYHVADMDVK,253200000,213600000,82370000
VTAYTEEPEEMQK,19520000,16920000,10570000
NHYAAEYMYNSYK,181200000,164600000,86120000
LYAMAPPNR,81890000,46240000,13460000
AIADSAYQIQK,271900000,197100000,69200000
ASVSVYNMEGK,183900000,94340000,27490000
DTLDQQIAAR,433900000,274100000,63110000
FAADNEVVGPNAK,153600000,126500000,46120000
TELVEAAAENQEASR,37860000,40750000,19940000
YAGTDVELDGEK,5899000000,4454000000,1946000000
AVEAIAEMSSK,139000000,125500000,71810000
SAIESMTGMK,22740000,13380000,2295000
YELEALNDK,282700000,164400000,61950000
VDAVEGFATK,59530000,41830000,14750000
DTTMDMLGHAK,109700000,72250000,27610000
TGAAAAGENLR,272800000,138800000,39290000
DSVAESTVNLK,180400000,136200000,54250000
NQFYASISR,116400000,72990000,32520000
IYDGVVYNEK,69940000,53440000,21690000
ILEENPDIR,281600000,189500000,71350000
MAASNVQAAIAR,46470000,39930000,15000000
NDNHPASEETWAVVK,1606000000,1554000000,876300000
DTYYVVSTK,81430000,57510000,20970000
EHEYFFEDR,31070000,23290000,9325000
VSQSGNYNTMR,10010000,7095000,3066000
VDENGYLVDDQR,868600000,665000000,297600000
LEEFVAATK,263500000,137100000,39440000
YGVLYGGVQK,123800000,61600000,20500000
GTYEYTFAR,14690000,11880000,29150000
VMEFVGPGVHK,31480000,23450000,10290000
DPGQAPADDNPVIQK,58360000,49310000,20210000
YAMEQEAEGIR,457300000,309900000,128200000
VAAGTDLNAIR,242800000,156100000,67510000
IHTEAPDLAAVK,65710000,55890000,20640000
HEEGINLFNK,232200000,154900000,69230000
TNNVAAAAYLGK,63300000,51120000,16750000
AGFEEDAQAMEK,1338000000,953200000,392900000
VSMTQTGGGEGYIR,187700000,149800000,79600000
MLEEEFSR,375300000,215100000,60660000
VGDIIVEDQK,343900000,203400000,69240000
IAANMDHAHFFDK,318300000,271700000,135900000
VLESHQVQLLK,165900000,107900000,45360000
SLVGNAAGIAR,367200000,210400000,60660000
VSAFSESAIEK,102800000,61050000,545900000
ALAMENMEANAGQQK,62090000,51910000,19850000
AQEALGMVETR,39240000,27250000,12350000
EMAQYENYYR,55960000,68840000,24030000
FYEAAETLK,62160000,43920000,17860000
SMEAINEQSIR,29460000,16890000,6403000
IGVVGTDATVR,31710000,19800000,7404000
TPLYEYNNVR,22980000,22770000,11810000
NFFEHSIPK,35550000,20540000,5711000
GFSGNPYDVGSDR,150800000,106200000,39570000
MVQSNDTLMVEK,129800000,95700000,44280000
DNGDELSPGVNQSVR,274000000,218500000,102200000
AYTGDQMTLDGPQR,546300000,436500000,230200000
TPSNNTSAYYYDVR,2951000000,2933000000,1612000000
ESIIIISHQER,84740000,55820000,23540000
TSVGGYYEPEPEDEK,193900000,189800000,187300000
MGTFSQYPYPHAK,775700000,710800000,365200000
QGVSLGTLGNR,70100000,39470000,11980000
AGYFTHYAGEGTLR,81320000,157300000,39040000
GMEAVQALQQDK,1751000000,1223000000,511800000
EAEVILSEAR,61630000,28670000,8759000
LYESEYVYEK,53250000,35370000,17040000
FVDAVTQTVK,1404000000,865700000,321700000
AGDVIELTEK,65190000,44720000,8560000
GVQVGPQTGNVEDMK,49870000,45090000,21980000
VIMTTALNEEK,20350000,20520000,10710000
LEHTINNLGVQHENLSAAESR,426800000,611000000,501000000
AAVETGADAAAR,1059000000,659800000,235900000
LSYEEAVEASGDK,1766000000,1294000000,569900000
VSFFADGTAK,2548000000,1480000000,476300000
IESFVESVK,64270000,37450000,18600000
IVAYDIAPGK,564600000,306100000,103600000
LAAAQAAIANVGK,4746000000,3427000000,1337000000
DEVLYQVAK,163500000,112900000,36710000
LSFQDPAEAEK,83360000,52760000,17360000
EIYEGGVAISGDK,48220000,30630000,17310000
VMNAAGPTHGHLER,488200000,404200000,183600000
YVMAIDAGTTSNR,117600000,91790000,46660000
NGDWDNEAVLK,118800000,84910000,35470000
DFVTAVDER,86500000,44670000,15670000
TVGYGNGEEYWR,121100000,110700000,59050000
IGIEGSVLTHQPTGK,70130000,62640000,33440000
AAGADQAVLTLK,1832000000,1226000000,459200000
VAATIAEEQGNVIK,39250000,33000000,14940000
SDLVGVTADQVK,177000000,112500000,41730000
MGYNAAQEIYK,201700000,146900000,64250000
FGGSSLANAGQFK,118700000,80800000,35830000
GQLGEAVVADGVDK,63720000,52800000,23910000
IQVLVNPEEK,1238000000,883500000,337700000
ELEEIGDLAK,110200000,72750000,14050000
DENIGQVTITR,43920000,29440000,18610000
SIEFSTLQR,511100000,282000000,101900000
INGVLDTGNYHDLK,165100000,159400000,78880000
VIHGYGLANVTAAVHK,61530000,44290000,26040000
GYPQEAELPSAPK,575800000,468900000,204300000
IETGSYTNR,7248000,3633000,3670000
STDYLVNQIK,92100000,75650000,27390000
IYNEETGEEMIR,798800000,625200000,276800000
ENTVIVDGLGSK,853000000,615100000,243100000
SPEDYVTLAR,174700000,419700000,241700000
VNLNAPLQAGESR,35450000,24910000,9411000
VSVMLYEDK,12340000,9031000,4189000
MIQHDLVDSYNGDMAK,272500000,298900000,171700000
YVESLGLNPK,264200000,162300000,49360000
GFFSEGNYPAR,183800000,115700000,58170000
EYIEGTGGPVIR,62980000,44610000,17110000
MYGIHEQAK,5744000,3663000,1151000
LYTQFIQGK,274600000,176500000,63470000
LFVEDGEGIR,1419000000,893500000,299800000
DTSSVNFNIR,705400000,447900000,156800000
IGDIMGQAAGDQVR,527600000,416800000,172500000
IILTEAGTVNPK,3730000000,2612000000,999500000
YADMLENEMDK,159800000,132200000,53990000
EAIAQIQASDVPEK,81310000,69470000,87560000
GGENAVGYLMQK,189500000,338000000,62540000
VTNFLAHIDAQK,134500000,107600000,42500000
SGMQELIYSR,63500000,34710000,14220000
IAIVTDSNSGITQAK,248300000,213100000,130800000
MEILHGELYR,231100000,157500000,57800000
IMYEGQGADVIK,167500000,129700000,55220000
AFDADGNPIMNEK,192000000,159100000,67050000
LAEQAFIEETQK,33090000,38290000,16110000
VVDLLNQQVNK,366300000,261200000,90610000
ENTVIVDGIGDK,82590000,56730000,13530000
LADIAEEVAR,238000000,163700000,100500000
IDGASLFQR,4627000000,2592000000,767400000
APVVEQFTVK,772500000,492600000,162800000
MVLEAIEQQK,230900000,159400000,50750000
ALVDNPDGVTVTER,336000000,275400000,128900000
ELEQEFEAVK,95830000,60200000,23230000
IDAGQLELEEK,217200000,177400000,85120000
DALIYQEGMAGK,341100000,260700000,104200000
YGTQVQNLLK,639300000,456400000,260500000
TVEIATADANLAR,32160000,34860000,17790000
FQQFEFDR,145000000,83930000,28430000
IPTEDLEQIK,42420000,35300000,20830000
YNYQNISAEVSADK,17490000,15310000,7650000
AVSETVDIMDAK,33750000,24570000,9145000
GIHIEHLLEEAK,439300000,334200000,147700000
NVVVLGGGNTAMDTAR,17970000,13860000,7486000
FSETMNSFVEK,1835000000,1387000000,589100000
AIEPEAYAALNK,75140000,48110000,9836000
NADISPDDDSFADNDDFR,89700000,88680000,53490000
TITMLEMQK,30160000,20790000,6986000
AHPEWAMQIPGR,73640000,52110000,21970000
LYDEYLGEPGSEK,825700000,731100000,382500000
FGIMNTDPETGR,86820000,65710000,29070000
AETADPNSVFHYYK,1751000000,1696000000,874900000
AAGLYQVIGR,59500000,31780000,4934000
GYTVTFMDGK,218000000,119100000,33460000
QQEETNAVYEK,16200000,26660000,5375000
QFHPEDVADLPR,87550000,73310000,31440000
FVAVMNNLK,85540000,48700000,16520000
LQEEMEYPGIK,211300000,170900000,83410000
FVGYVNVVSETGHR,23220000,21290000,12800000
ITDNLLGAGYK,168800000,117900000,57150000
LGLVASHYDGFAQGK,183100000,177800000,81370000
EIIAAQIAQDPK,143500000,107700000,41920000
ITLVTGNAPGNDMR,75960000,57380000,29270000
MPGIDGIQAAEK,64760000,39860000,18590000
AYTGDQMILDGPQR,130000000,118100000,51380000
EGALTEVHSMLNR,22080000,18930000,7992000
AVQDASFDIYK,118900000,82580000,29190000
ILVVGVGGAGNNAVNR,11810000,9485000,4995000
LYANAILPQGK,87190000,63200000,21770000
AVEDVAAALGSDGR,310900000,222600000,92630000
DDTDGIGYYQAVK,89950000,76670000,33940000
YDVENVSEESFEK,341000000,303300000,151800000
AALDAIYEAGR,354900000,225600000,86860000
LVMNDTGLTPNSGPAGGSR,237300000,248000000,154600000
VAGNAEVAFDNIDK,200000000,163400000,72020000
VEGNAEVAFDNIDK,1507000000,1243000000,730400000
AAIEAIMEDTK,208100000,139200000,56460000
AAMMTIMNPDDK,276400000,181800000,83490000
LMNSAQSLFTK,165700000,126500000,47790000
FNETYLLR,298500000,171100000,60770000
ANYGTVDIVYGSR,498100000,399300000,162800000
EQGAEAEVIFANNPR,228100000,203200000,106700000
NFAETFISQNK,161000000,116900000,48630000
YVILGGVAAGTK,161700000,116300000,39610000
FASSAVITEEMK,54170000,42150000,13840000
IGEVNQDATALNIQQR,351700000,463300000,362500000
LISEEAVDTLK,187800000,124400000,57860000
ISSVLTLSEESR,91120000,63740000,21820000
YEESLTPEEMYTK,226000000,211500000,111500000
NYHPYDGDEAFLAGPTQNTK,302700000,388100000,265900000
YENSYGFEAGTFK,36470000,32950000,15210000
NSDTILATGGPGMVK,108500000,60460000,14030000
ENGMDSLDESHK,42490000,33680000,15210000
AMAAYSGFDEADYEK,56400000,42070000,18680000
GAGVAIITPMK,108200000,66130000,23130000
IEWMQEAVR,52940000,37570000,13200000
SGSEESYTFHGR,82610000,58160000,24610000
YPGAEDILVK,469800000,315100000,102500000
SLLEAGETDLGR,12870000,6616000,1609000
AYALQTDLNMK,102100000,65700000,24310000
TSVSADGTDIVVYDK,81180000,57010000,37340000
MIGMVYGDQMK,156300000,115600000,45500000
VGIIMTGMGSDGAK,40070000,31950000,18720000
DGYTNSDPSNDTR,713400000,543900000,246600000
AGDDAAGLAISESMR,40190000,53920000,36240000
FVASVYGLSGSGK,59970000,58060000,26210000
LDYYVINGSDPK,427800000,183100000,58370000
VLYDVTEVPK,19730000,13130000,21950000
YVAQEVLGTMK,172000000,130000000,57250000
NGSEVSGPVPLPTK,43400000,32730000,15710000
HGFYNNISK,46260000,23720000,6270000
EASVDPDVMTIK,48590000,37550000,13430000
DFDEFEVGSK,100400000,84570000,43140000
SPQGMLSAVVK,193900000,244800000,134100000
LTVQVNAFSAK,675200000,446100000,154500000
YIALLEETK,220500000,104900000,40240000
SSASASQAGMISGGYAELSK,1971000000,1974000000,1171000000
TSEIISTYVYK,61880000,44030000,13720000
DIVYYDGSDPVK,47080000,37090000,18960000
LGEILETMQK,181400000,126100000,40640000
YFIQAAQELK,47070000,32580000,12740000
AALESGVNQLSDTVR,259100000,250500000,125100000
AAQLPVIEPSDSAEAK,267800000,244400000,128100000
AFDENYDTPIVR,18880000,15010000,9928000
GEAIGASSEEGYIPNGVR,42800000,48350000,34480000
GGVNAVGYLMQK,38360000,24270000,14020000
GGTPSAEDMADTIYK,156800000,120400000,57650000
TMDGQTGLPGSIYTEK,1995000000,1866000000,1060000000
AAAALFEENLR,20810000,15960000,5465000
ILATSDEELLK,42680000,27220000,13190000
ADIGVAGMTVTEDR,346000000,254600000,113700000
VEGNAAVDFANIDK,8782000,6238000,4054000
GFSGFANFTK,89540000,50290000,31900000
NIAAGANPIVLR,470500000,346700000,138300000
VVVEEGVAAVTTGAGNPEK,169700000,170200000,98560000
SMEAINVQAIR,2461000000,1537000000,589300000
IAYSGGADAFNIEK,14030000,11210000,7899000
QMMYFANVGDSR,45670000,34170000,14600000
LVYSDYLSEQTGGR,124500000,110700000,54950000
QTVAQYVAQVAK,137200000,96890000,37700000
VLEDGGWIYNSK,69040000,54890000,22760000
AEAQQAISEDGYWGVK,81540000,100200000,69850000
EAGVDVLNISR,35300000,50320000,27700000
VYASGFQNYAFK,18130000,11410000,5719000
MDAVYFGDVR,90260000,66630000,22220000
VPTDYYEANGLNVDER,19370000,19280000,15180000
LGEYMVNIAR,36530000,18750000,8397000
LMYNNGEFPEYDR,41560000,40770000,31850000
ADVAINGVYIGSGEK,196200000,132300000,76740000
FTYVFPDGR,69340000,40350000,11560000
VVLNGPGSAGTAIIK,17950000,15760000,6225000
MYDIEVTGYENR,1387000000,1152000000,538200000
YNYSIVDVTAR,622100000,441300000,177300000
GVELGASEDMLGR,157000000,118400000,49070000
IGEEATEIVIASK,53560000,43490000,18960000
YNSTISFLESNSNR,110000000,121500000,72100000
DHAEDPFDAFTK,195300000,180200000,84940000
LPDDALAALQK,223900000,130600000,44840000
GPAAALLYANVK,370700000,258800000,97760000
LNDFQITEMGEK,171000000,131300000,70730000
YFGGEEFSENEIR,18820000,19290000,9468000
LLGAQIVGSEGVDK,383300000,298900000,131300000
AAYSASGHAASELK,25690000,18990000,7596000
IASAATVDQDGHPR,45790000,37870000,15170000
LTTVEEFEAATDR,13360000,19320000,11600000
AINTVDAMSATIER,264100000,216200000,100200000
FNNADYDAAMELSR,5816000000,5098000000,2786000000
FHGAVIEHAGTDNTR,146400000,140900000,71810000
IPVASVIEAAK,523300000,291100000,94330000
IDILVNNAGVSDSTK,710700000,640800000,339200000
IMYADADAEVLK,105300000,148400000,48760000
QFFGTDFEDR,31350000,27400000,29440000
YDAIGMIETK,38670000,28240000,8660000
AIYGAVAPLYK,252300000,177800000,65970000
TYASGEQSIYVDYVK,99400000,91980000,52690000
MLTDVSDIYEK,85560000,71930000,28300000
SLDEGQAVSYDLTEGAR,150700000,153000000,82850000
LDHTINNLSVQEENITAAESR,166200000,206600000,148800000
AMVDNVEEELEK,134700000,103000000,42790000
SLEEGQSVEFEVTEGAK,3541000000,3641000000,2098000000
VFEENPGMNEVYPGDTR,223700000,252900000,148800000
LENAAEYAVAQEIK,204900000,178100000,95740000
MTAILFTSGTTGK,72200000,60150000,33790000
MGMDSLEFR,107700000,59440000,16920000
LSQFVGAGMDIK,12260000,10940000,3769000
GQYHMFYQYYPYESK,1463000000,1769000000,1190000000
LAGDDFDEAIVR,243500000,168100000,72970000
VAINVIAAQYGQNTTK,4451000000,4438000000,2436000000
GYLSAYMATDMEK,3872000000,3473000000,1922000000
FTNMMMQTFNK,43660000,44210000,25040000
FDAESTAPIEIESR,458900000,402300000,196300000
IANLYDMAMK,1791000000,1204000000,471900000
DTDMAEEMVEYSK,72890000,62210000,30870000
MGQVLDIIK,882300000,508400000,156500000
SQAVIVNSGIANACTGK,616500000,560700000,293700000
IQHNITALNAHR,1663000000,1272000000,556000000
IVTPHSTTILPSITR,242800000,237000000,122900000
NELDLSDPTWK,52970000,42990000,16970000
DIEFGTAGLR,42340000,30860000,9961000
MFLAGAANIEAK,12500000,8574000,4158000
NTWASYLEEANK,167100000,133700000,58670000
HVHVSQEDLETLFGK,37590000,46270000,26420000
ELDPTEGTIIVNGR,63210000,55410000,27230000
IGLDGVIVTK,27830000,17180000,3869000
EDADYVVDALK,10250000,10560000,5477000
VTTQEEFR,125200000,58450000,14970000
YFGGETFSDAEIR,16580000,15490000,10130000
GYSFQMIVK,37440000,41400000,14850000
IAVVGGGIAGMEAAR,53580000,43200000,21790000
GHTAPGYYSAMAHR,33280000,31560000,13950000
ESEVGFGFDAYK,517100000,421800000,196600000
AELYPEIAANTVR,642700000,518800000,227500000
LQVGDTIEGVVK,2855000000,2034000000,806100000
LLESAMADLEK,2257000000,1550000000,474100000
TQQINTLSR,130900000,72930000,25330000
EEVILDAGGNEIVK,826900000,690900000,358100000
SIGYGNDLGYWK,83700000,79150000,20250000
DENVDVDNFISK,701300000,573500000,270600000
NDSYWGQDASMWGK,181400000,176300000,88280000
AVQDFNLEIADK,27690000,24430000,2957000
LQTGVTTLPDLSK,2131000000,1625000000,695300000
AGVIIGSGIGSLK,734700000,499500000,176400000
LETGVSTLPDLDK,32620000,27480000,11400000
ADMGLAGMTVDPDR,22300000,20150000,8768000
GPYGNSFPVETELK,219600000,210200000,107500000
SVINYVIDNR,248000000,175100000,63270000
THSAVGASMLK,265300000,163700000,51420000
VILFNDGAVTGR,3937000000,2824000000,1076000000
SLLENEVDAMSAR,894400000,637000000,281800000
ISVNISMMSAR,565800000,381400000,162200000
TNEIFQADYNFSK,31500000,24040000,20020000
VLATDISQNVLR,473800000,334800000,186100000
ALDDLTLEEYK,31650000,23750000,11990000
LTEALLGGLDK,120300000,114900000,60380000
LSEGFVLDHIEAGK,477000000,420100000,183800000
TAMTEITIDGVTAK,1075000000,912700000,421900000
DFGTIMVPK,15660000,6453000,981900
YNTGHSESILTK,119900000,71340000,49060000
MVNAVLEMSEYNR,181800000,160100000,67450000
YVTEQPMPDHK,160700000,129000000,58400000
TSDINVGSLMLK,160600000,129700000,59400000
ITYDIQNDAGLGDVK,373600000,332600000,165800000
QTSAFMGELIR,54620000,37210000,14760000
LLVQGSDLLDNR,1978000000,1513000000,657500000
AGVAVLDLTDEEK,130100000,83160000,39360000
LIELVPYDQK,107500000,74200000,27750000
IENLIDIAR,123500000,79250000,27700000
SPYENVIVLGHIQDEK,239500000,241500000,131500000
VEAGQVIADGPSTANGELALGK,17490000,21380000,15050000
TTNDIFEGNYDFSK,132600000,140700000,80560000
VSESNTTSDFDK,925400000,670000000,279400000
IEEIGPHYEIIVER,273000000,245400000,136700000
SDFGAMQNR,71180000,38540000,10920000
NDNPLANSSNYEVYMK,60010000,61380000,39350000
SVINVMAAGIK,310700000,189700000,67790000
ANEIDDPFFK,749800000,543600000,206600000
IPVIAGTGSNSTATAVQLSK,111500000,131300000,70560000
FPGWGTSSVGASDQDIGR,539700000,534000000,329000000
LEHLDYVQFHPTTLYSK,51960000,58620000,41840000
ESGVYGLSDGVSSDFR,94220000,91520000,53300000
LMASLPFASR,145800000,103400000,28910000
IGGIGPTTGGAAIYGEAVK,2413000000,2451000000,1374000000
GLADELAEYGADR,324100000,248000000,109900000
VIDEEDFMEMK,245100000,203800000,99990000
IVISDGNFPAESMGK,130000000,127500000,63380000
IYEALEGNPVTIR,251700000,273900000,168300000
EYMEQGHFGIYNMYPK,59590000,74010000,48100000
MDINGIPMNPAAR,396500000,323500000,164700000
FGMELVDVSK,11050000,7382000,2098000
TEMFLQFDGK,265200000,195200000,78050000
LLSEMADGNFDVR,23270000,21620000,8768000
GQVTIVEIMGR,69160000,48870000,31010000
YGLSSGETLAYIGGK,32110000,32610000,13900000
AGQILDEFAMK,13590000,15260000,4951000
LTLDVWTR,92330000,49510000,18670000
YEEVMGELQEPDVANDTER,28500000,33590000,23040000
FEYLVGDLDQK,9858000,10180000,4352000
SFTIMAGALDR,36130000,18600000,18300000
LMAVMGLGVK,333800000,191700000,33380000
NTINEVSESPLYVNYR,23560000,28970000,16890000
AIDGINLDIK,66100000,36370000,10780000
VIMGNTTDLTGDFR,83760000,76310000,41790000
IEDDGEQNWAIYVK,68930000,57830000,29050000
EFHPDYNPDAFAEIK,16120000,20290000,13370000
TYIIDEVMNK,115300000,86560000,36550000
SGANIFYEGTPIPK,85780000,69430000,31290000
GEEYQAFLDGEVR,5965000000,5218000000,2554000000
NVSEQPLNFSSDELTER,25990000,35670000,23570000
LPIVDEYGNLK,1363000000,988200000,399200000
SIIEGAFYGNNVVK,678600000,597600000,277100000
LGIIGYGNLGR,329400000,222800000,61150000
GLYYTLDLEK,102400000,90280000,38610000
MSEEDFDSVLNTNLK,418700000,386900000,227800000
LPAILYNVPSR,550600000,395900000,167600000
GFANDLVTFR,49070000,29870000,10550000
TMGIENIVAVDGNQQR,253700000,239400000,127100000
LNDILLSEGSIR,17010000,14120000,3971000
TNMFQAVFR,9820000,3994000,1229000
TEHILPLEETNFYK,29660000,32780000,15410000
GVGSVYNPNSVMEAVR,53500000,47900000,32310000
NEAYDEVSAR,281400000,173400000,69350000
ELGVGEVASVMGR,1926000000,1324000000,664300000
DVILQLDSVSK,29820000,23670000,9466000
FIVSPGFDEETVK,33990000,29550000,15260000
YFDAGIMVGSVK,50350000,38610000,12670000
YENGILTFHIPK,20820000,16850000,8158000
AGFATLAELAK,11650000,8827000,4260000
YSVPHISTGDIFR,33670000,28730000,11350000
NHPINFADAMEVGTLSNR,926600000,1191000000,723200000
ITTAEMIEAIK,9023000000,6227000000,2578000000
DWADAGAIVMK,256100000,159800000,54370000
GFYWEFAEK,186200000,113700000,43440000
ADEAQAAGADFVGGQELVPK,557600000,653700000,428500000
VQGFSDIPLNEYGR,19400000,19840000,8730000
ESGIVGMGGAGFPTSVK,208200000,187100000,169900000
SAITMSDGGIYGLPSGER,1856000000,1888000000,1165000000
TLEFMIPR,9397000,3466000,1674000
LEHTINNLDNVVENTQSAESAIR,119200000,171400000,106000000
GILGFMVNR,39010000,31920000,10640000
MFYEGSDYDDVLK,596100000,539000000,266500000
FAFFQSELSK,2060000000,1529000000,617400000
FADAFEAEYVSQGYSTDR,605800000,697200000,440500000
YMFEDALMR,18320000,12180000,4231000
EFAEQNAEISAQLLK,28530000,21610000,7586000
SVDVILATGGPGMVK,1162000000,927300000,441400000
IQVSIPAGIDDGQSVR,12470000,9544000,6222000
DADVILATGGPGMVK,74080000,64670000,22380000
MNINLSDVMR,107100000,75880000,31860000
FEAQILNLADK,1013000000,711700000,290500000
LGIMGLPYEK,10620000,6288000,444400
NVVILGHGGAGK,74740000,41710000,17750000
TEGLFLTDTGGHYYEGSTDITR,25090000,35370000,30420000
LVAAIEACGCDK,69970000,44570000,14140000
ANVDTFEEK,74080000,47110000,22620000
IGINDTYGESGPAAELVK,722800000,779900000,480000000
NTVLVEGVNMITK,48640000,38230000,11480000
ENAPLPLVLR,649300000,462300000,168200000
GMDAVATGAPISVPVGEK,268700000,220000000,123500000
AEFDETLITGNEMIDSQHK,105500000,142300000,50160000
YALADTVSAGEDTITVDGK,51400000,52490000,46910000
FQLINSDSEEVLAK,1111000000,967500000,467300000
NSDIIIFDEPTR,126900000,103700000,52490000
NGPLTDQMR,36850000,22630000,8455000
AAPAILEPIMK,48950000,64830000,32580000
TFFISGYVPAK,630600000,456800000,177100000
ENAYAATDWVEFGNK,112400000,113300000,63450000
ALFVENPEPTSAFGTK,25840000,26830000,13590000
LTGHPMEVTLSPDMLGR,77250000,93510000,118900000
DTTPAQIVAVYENTSK,759800000,751900000,395500000
DDMQELNPELLK,75180000,67330000,31150000
NSDFTTNDVNEIFR,200800000,173700000,88330000
YILGVYELQER,52280000,70590000,37930000
GIGFIYINER,11550000,9101000,2365000
YQGELAVEEYLEK,76740000,76600000,40660000
IAPLAAVEVVNPK,16480000,15120000,5826000
QGVINVEQQALLDGNVK,1914000000,2012000000,1469000000
LDMMGEYEMPEDYK,889400000,940700000,648700000
AVEQGFEVFTAAEAAK,5671000000,5617000000,2989000000
VIEYGTADDIFYNPK,123000000,131000000,75270000
ILSGQLEPTNGEIAISPGER,212400000,249200000,157700000
YFGGEEFSVEEIR,903700000,874100000,485000000
GTLTMAWALANR,112000000,88580000,38750000
MFVAAAEETGSNLIQGR,130300000,123600000,74450000
EPLNVYYVTDEQQQSQYIK,427600000,592100000,430000000
GIFGLLGENGAGK,762400000,474600000,180100000
DGTISFGDYTLASK,27200000,25730000,14820000
VVDFPISNMSNSGIDR,211200000,204300000,107400000
TELVAAIAENAEISK,49910000,43000000,12940000
NLLLEGQLGSLK,116000000,82030000,35910000
LSDYAIITGFK,36920000,34130000,18790000
SLSNTPLQTDVTFVR,199000000,191100000,99830000
SADGESAAAAYFIMGR,44540000,38350000,18170000
DYYDAEYAYYIEK,55640000,57450000,28680000
TFSLDAQPQEFSTQQQGDFR,172100000,193400000,118000000
ILILDDSTSAVDTATDGK,39900000,38980000,20660000
LFTTPVGPYFK,900800000,765000000,323900000
LLEVLTGFK,21590000,15050000,4886000
IFVNMGDVDIR,358700000,256800000,108700000
ITSFPIEWR,143200000,93500000,36830000
VPTPTGSTTILVATVEK,446700000,454000000,233900000
VGTGEAEYTLGGETVLYR,41210000,45860000,30030000
QGGYDPSQLFNTDQDIR,98980000,107100000,44150000
YADVIIDISR,13670000,9494000,3351000
IVGLYDLAMK,30150000,19970000,7287000
TPGVDELVVNLSGGNQQK,154900000,153900000,99520000
TFGDGTNYTTK,106700000,73390000,29550000
QISVFVENQPGSLMR,154900000,148100000,81310000
FPVALDHGEGVYLYDTEGK,146400000,195700000,121600000
AQYLLAPEDTVIEAK,78510000,78850000,44340000
DSYYIYQAYWSK,53570000,55800000,30010000
NLEYDIIITGR,81900000,54640000,25630000
ETMDQMGYDYVAFGR,79820000,86140000,52230000
YGAIGTMAMGEGGPELVK,77850000,91140000,60990000
VYGGTFNLYAATIK,31020000,27230000,10400000
GFAVVADEVGNLASK,39970000,30020000,10750000
ILQFDVDPAEMNK,27330000,24980000,13520000
ASIGDIAMIYNEEK,13090000,12480000,6396000
LGESLESLIGR,154800000,97640000,36070000
FGGVITEVDDWGK,101400000,87300000,42640000
IAIMEEEGVVFK,131200000,86120000,25000000
DEPGALMPILQK,2060000000,1610000000,678200000
LVEVIAGANTPDELVEK,549100000,571100000,307000000
VDVDEAFMVGGAAVK,292900000,280900000,139400000
EVFHFFEEISR,48080000,37240000,17760000
VLVVDDSSLFR,97440000,75540000,31160000
LTGESLYWFTK,221300000,160300000,71430000
DLVVYQIYPR,38550000,29610000,13090000
NLQEAVNATNR,117700000,54130000,23880000
MYQNGYEQYK,128100000,102800000,44290000
AFAQAVLEDINPR,64540000,51490000,29400000
ILDTEYITEDYAAAMSK,146700000,146600000,92150000
YMSVQEANEER,40680000,40070000,27690000
YNITLISIGNGTASR,49180000,35880000,15090000
ADIHENDNSYLVEMELPGYK,506500000,755700000,620200000
TQYSLTDDEK,589300000,748200000,373400000
ITVIGGGPGGYEAAIYAAK,60930000,64330000,40650000
HNNWSLTTDDGINMLDPGK,120400000,127700000,78430000
YLQENGVWFIGGK,84680000,71800000,34290000
LNVHIDPTETMSNLTVGK,51110000,47830000,34520000
INGMDVTAPAGSTILEAAR,132600000,131000000,83130000
MLAIIDYDAGNIK,22720000,17480000,10970000
DVQTALGIVAYNPR,96110000,79430000,38780000
GVSGFVSLFK,114900000,70970000,22600000
DGEFIDNMDQALER,825400000,738600000,397700000
SWIIGLQEYR,21330000,13820000,6108000
SNEIMMILTK,555100000,383600000,142800000
ILFETVMNVEK,3688000000,2706000000,1343000000
TQASIYIVPIVSK,3032000000,2713000000,1324000000
SAIANAENNYPDK,20100000,14590000,7058000
EGFLQALSSVR,215300000,154000000,65340000
IGFAYQGIAIPK,594600000,464400000,201400000
EDIVIVQSPVGMPGR,473200000,442800000,228800000
VLNEYVFTELEK,38370000,34830000,18190000
GIQIYSFGMNSVTASK,15910000,15980000,9301000
GSTVFNVSDLDLK,824200000,596300000,254300000
FPVYSSGLGDVIR,26200000,20550000,10490000
ELDIETADVIAHEMK,12850000,11650000,5307000
IAEAEAAGADYVGGDELIPK,35210000,43480000,34080000
EIALSDFTLSER,66160000,48440000,20290000
APLTNYTFEDAEPSIVGK,1645000000,1920000000,1230000000
LLGSLQSPVTNLAR,8516000,6730000,2902000
NVIDWLYR,110200000,66110000,17950000
ETEDGGVEGTIDVLDVR,51520000,46320000,21640000
TTTTTLIGEIMK,145900000,100300000,38140000
DAFFPQSEGLYTVK,38890000,41470000,27160000
EVSVLSFVDGR,12800000,10050000,5123000
ADATIAVIEVPMR,432000000,370300000,169700000
MTVGDIVGEAIDVHK,221400000,199600000,103300000
LAFTPGAAAGGLVGGGIK,82170000,78680000,32620000
EAFADAGIDLAQEDPYR,682600000,696200000,409400000
GIEDAIQAANPDWSVR,460000000,409000000,217500000
YTIISAFSIK,21840000,16030000,5998000
DGTDFVYLSMEHIEK,20300000,20680000,9489000
QVYSLIVDNNPGVLSR,118800000,122900000,74010000
EGYPELGLYWEK,578500000,555500000,322300000
NIQAMTDAER,30820000,18590000,6412000
GFAVVADEVQSLANK,255000000,209000000,122400000
VATEIFVLSVK,38410000,28780000,6610000
SPLNFSEELMEASK,47980000,45160000,27350000
EQALNELIPFQK,38920000,18660000,9532000
TGWMNDPNGFSWYK,33900000,34780000,21020000
FMIPISSLR,157900000,105500000,35370000
IDLTNSQMILQYGAGTQK,67270000,66720000,46980000
MMTGELFEITDDK,44480000,40200000,20240000
LTDPSLVIYAPVR,841000000,736100000,338800000
GFGQEIVEEIAK,39860000,26940000,12430000
VTHDQTEAMTLGTR,89010000,87170000,35470000
IADAGGFVSAPVYASVSGTVK,168400000,193600000,125700000
SWEEFELLQEEK,71310000,65240000,65490000
DENGDWIGFDADMAK,141900000,137500000,76400000
ENVITSVNR,170000000,77470000,18100000
LYEIGNIYIPK,52490000,43720000,19680000
ATQNGLIAHYTR,198000000,195100000,80190000
YVANDPFAQTIVDYQTAGK,6753000000,8045000000,5261000000
MTVVDVLPENEIEDSR,36520000,33100000,17760000
GIESIEGAEITDAADTLK,827700000,870400000,512400000
SDLIDAMLAQDEK,8614000,5158000,3205000
YIDGATPYEEPLYGHLADATIR,786100000,1189000000,928700000
LGVLGLGAIGVK,21670000,13950000,5300000
GSTYTALHEMEK,69470000,57800000,19740000
MYEQAGAAGAAGAGPMPEAGPAPEGFQGDDVVDGDYK,89690000,173400000,203100000
DIDNIFFENSPR,743700000,584600000,274000000
ISMFDISDPADVK,84070000,67510000,22440000
AYQEAQIYGK,40890000,25680000,7311000
MYELNLNYFK,16780000,12040000,5777000
GMSLEAEVGAIGGEEDGVVGK,2287000000,2539000000,1632000000
ALGYDVPFLR,9636000,8209000,1619000
IEANVGQAVK,103200000,53760000,16610000
ENSYPIYIENGILK,53420000,51290000,224900000
AFVEVITEELK,2348000000,1731000000,734000000
MQIASDVTGNHGVFQDMNTAIEAAK,161800000,208400000,156100000
IIDDASFDQADFLR,53930000,52560000,26680000
SGLIQVVFEEGK,42860000,25460000,17300000
EEITNTFGEFLAK,1558000000,1373000000,659900000
INEVLGSYGIASLEEAEK,56290000,59940000,45840000
AHYTPEDMVGK,494600000,325200000,123600000
MSIYWGVTPLK,301200000,252300000,96860000
AALDLATDPWGIK,14240000,10790000,5269000
QAQDAIAAEAER,233700000,147500000,61800000
VYTQDEIDELIANAK,53420000,48990000,15910000
IDGLDESETSK,123800000,76900000,92500000
ALYPHMSVYDNMAFGLK,797000000,941000000,630100000
VMFEIAGVPEEVAK,37890000,38880000,26100000
MWIIGLQEYK,182200000,142600000,57270000
DQFDATDDPGTK,63650000,44740000,19070000
TGNEPVIYEK,40990000,29590000,13960000
MLHENNTIGEVK,47650000,36030000,15190000
MENNNNQGFLEK,362800000,293400000,118400000
AELFQIADTFK,108700000,75400000,28430000
LAEAPSYGMPINIYDPK,84180000,87610000,63170000
SLGPTDILEEINR,83240000,53990000,23470000
GYASFDYELLGYER,63090000,102400000,44720000
DILSPHLVTLNVQGYK,410800000,443500000,264400000
LNSDLANTIGNLVNR,84870000,81130000,40290000
AENIVVSEER,1836000000,1131000000,394400000
LNDADVLQILQK,38660000,27170000,11020000
VESVTLTNVPSFVYK,41120000,46420000,19250000
EEITQGGFDMMIMR,238300000,219700000,144400000
VLGGADTWATSSTLAGALR,199700000,206000000,127100000
ALGNNLINLTSYPEVK,1647000000,1633000000,904500000
GMTGENLMVMLER,104100000,88650000,46290000
TDFENAVSEQEGLWIK,2110000000,2272000000,1360000000
DYATTFDFIK,587400000,422400000,168900000
AVIAAAEELHAPVMLQTTPSTIK,45750000,61680000,46830000
QALAADTQNQLK,633400000,454800000,171600000
SVNPDMNIDSFVMPGSDEK,34010000,43560000,34960000
DVPLSFSPFR,42560000,29950000,10300000
VVDVEAADGPSNR,25270000,14870000,7612000
FFVDFDGNMGDAAVK,23800000,22330000,11030000
SGAFDAEIVPVMVK,943300000,797500000,391900000
GYGDYIFIIK,13020000,9474000,3978000
EGDSVSVEYR,38340000,21870000,7859000
MYNQLTPEIVEQLK,33900000,52590000,33920000
LQGPLFDVLR,33830000,31450000,15440000
FTMVSDFGTIINK,515000000,436500000,186400000
HAGVDIEAGYR,32670000,27420000,11100000
YLLPADVSQEELLK,451000000,416400000,224800000
TMFDFMDVSPK,45090000,38550000,17000000
IESISQLLYMK,78770000,66080000,29170000
VMILPTNEELAIAR,103500000,100300000,47870000
VQLVGFGTFEVTSR,741000000,678600000,320700000
EIGVFLALGTEK,3187000,1643000,372300
ALMVYDILR,28520000,17980000,7050000
ADIGQDVIGQIMQQR,125900000,145200000,92520000
YEWLLYMIHTK,51960000,56140000,31760000
YDIMTVGETPEVTTELAK,1316000000,1473000000,1011000000
QGIMLIVDATEPEEVR,13290000,16120000,8189000
IFDGFQDMPEAELK,22480000,22910000,16100000
ALDILQIYAPEK,30750000,27750000,14920000
LPQLGVFGDDYDTPDGTGVR,16780000,18730000,9014000
ITEIDLLTGEIK,14640000,9893000,4134000
HSVEAGEDSITVDGK,221400000,184200000,89120000
IYGDWTSPYNLSWK,11650000,11640000,5489000
FYNMEVNIDENLETPYK,42720000,48950000,38390000
TYEGATSPVVPNLNLEIK,558500000,624500000,360500000
IIEYNGTYIPEEIIR,76420000,91230000,54790000
MILSDNQEAR,88510000,50810000,28800000
NSYEWFLTDGLK,48190000,45290000,20770000
VIQWMLSEFK,47580000,32360000,42720000
GITSGSFDEGASTLTQQLLK,56170000,69900000,40470000
EDHAVTIAEVK,25660000,17860000,10980000
TGSPVIGLIDSAGLR,54970000,46620000,21500000
AQVLIEAIPYIQR,157200000,132800000,77710000
ALGLDPVYLGIDK,246900000,204700000,99010000
LQEIIADVMNVTK,587100000,509800000,222800000
MPIDPAIAEVVEEER,819000000,783900000,445200000
FLYNDEVIFDVEK,104000000,102900000,61950000
ALTETNGDIDAAIEYLR,752100000,752500000,421300000
EAAAAGAEGLLLVTPYYNK,105800000,107100000,60370000
INDGEQVLSGAALMHAGLPIDR,169800000,221000000,169900000
VLLFYDAYLEK,1402000000,761100000,269700000
FLHDIGVVDFDEPFQK,423800000,502000000,288800000
AGEIPEGWQGLDIGPDTVK,353700000,378400000,249400000
SYDYSQADTLVNVLYK,275900000,283100000,228000000
EFDIPQYDAEILTESK,28000000,26270000,10080000
QYYLWVDLPR,6544000,5119000,1643000
VAEEEIFDDITTGASQDIR,95360000,109500000,69220000
IILMDVLAPR,1042000000,716600000,259800000
IADPDEDETDYK,780300000,567800000,257400000
YGIFEYLMK,313800000,210600000,75820000
ATLSALLTALK,103900000,64260000,20820000
TVVWNGPMGAFEMPK,2599000000,2635000000,1620000000
YWGVGIDPDIIK,50840000,51180000,24610000
VLDEPLTEEEYAIAIAK,1047000000,1155000000,709900000
ENPSVDILLFGR,234900000,201000000,89400000
TSLAYEDASEEEK,21480000,13520000,6589000
ELLAQFNMPFK,1672000000,1334000000,621500000
AGNYEVLDR,2248000000,1194000000,364600000
SAIENMTGLEVADINIR,71080000,71160000,39940000
FIEEIGTYDPNQEPSLFK,1168000000,1408000000,945500000
DYILELLQK,75090000,40070000,13430000
EADMVVLATAIEPNPDVR,269600000,270100000,193500000
VVANGEIPDGWQGLDIGPETAK,151700000,218600000,170900000
DDDEVFENFIK,48950000,36000000,14900000
VIDDEEVELYFMNAK,13610000,24160000,9677000
ATLVQQGYPK,154000000,95730000,30670000
YSTIDITQEVSELAK,58410000,57000000,28400000
LIDLGAPDIIVR,39460000,32550000,15580000
NYIIINAEGVGDTINLAK,19440000,24000000,17380000
SGDIDPAIIEFLAHK,42500000,42090000,19200000
AAVEALQDGEIVLLENTR,17480000,22940000,14240000
GFMEAHPVLLEPIASLK,40530000,49070000,30350000
AIGYGVANEGDVWDFYAR,75370000,75820000,55530000
IDVTLFFR,3055000,6478000,435300
MVNSTLNVGK,103800000,54290000,18950000
YVIISAPAGNDLPTIVYNVNHDK,294000000,417700000,319700000
GTADALYQNIDFLK,11430000,15410000,6821000
YGTLETYYAIVAAEAK,192700000,201400000,113900000
DSYQWFLDEGLR,29350000,27130000,14910000
YIDETIPWVLAK,127400000,52480000,19970000
DVNIMVFDTEVYSNTGGQSSK,26190000,33750000,23220000
EIGSIGGGNAATALSSMLNAK,24150000,28690000,19350000
LSSMFTLAQIVNR,538500000,485500000,246100000
MFFVSDMDVDNASFR,90610000,95610000,53990000
MTELDGNASYR,395000000,264400000,104800000
DNTPAQQAEAIR,310700000,199900000,81840000
MNDFSAFADLMK,51670000,44490000,20790000
SQILDEANHSAEVK,197700000,180700000,82480000
MDYAALIDHTILAPQATK,8914000,11070000,7407000
EFDALELLATNPNK,84740000,81190000,39050000
FHFDDDLQYADAVPMLQR,7984000,11020000,10490000
DIDDYLSLETLK,31780000,29260000,17220000
NLEPEEELLELAR,136400000,111900000,55600000
GGLGILSQLSADDLR,28910000,27080000,11770000
ILEAVVPLLPK,5133000,3288000,2208000
LFITDFTEEELK,44130000,38860000,14610000
YGSLFDATQTMVSPLPDGK,398100000,412100000,251400000
AAAQNTIPHSTGAAK,14420000,11420000,4916000
EVTAEEVNEAVK,174300000,117500000,47650000
TLDEGEAGDNIGALLR,12220000,12460000,7275000
LANLDEVALLR,10380000,9832000,3365000
FSWISTGGGASLEFMEGK,292000000,299900000,184100000
IANEIIDASNNTGASVK,262600000,254200000,149800000
NLLGDLELDQTLTSR,32790000,27320000,15110000
GILGYTDEDVVSSDFLGDAR,25740000,28920000,19850000
VTFAYLGDAR,63500000,35020000,3462000
MQFTDLFGQLK,271600000,194700000,74640000
DDEIIGYEFVNLGK,25470000,23400000,18870000
YTHWATYEPEEK,115100000,98510000,51250000
YQWVAIPLELR,12360000,11280000,4958000
LFDMGQEDPAELELLK,93970000,86420000,197200000
LVDLIGADFIVSVGR,68020000,59360000,34090000
EQGEEEDNANDLISK,111500000,108800000,53310000
LPGEVSEEVR,113600000,67720000,17790000
YVNQGYEENR,115000000,77090000,30790000
MYGGQSSNLPMK,167500000,125500000,52270000
LSELSPAEGSVR,299400000,188500000,80090000
IQHNIMAMSAYR,33070000,50970000,11770000
LAVYNTDAYAK,727200000,533400000,213300000
ENTTIVDGAGDSQAIK,4500000000,4122000000,2167000000
MNMTATETK,122900000,63240000,15030000
AIQNSDLGINPQNDGK,102000000,109100000,47790000
YSVGDVASVR,167800000,116600000,33510000
HTWTTENFIK,70430000,48290000,19380000
GAIGQFEDDAPR,88280000,56630000,20490000
AVEGYGGNVAAAEAVGK,46390000,42330000,20600000
DLQDSLQGNMR,68360000,56210000,14910000
NLAAGANPIVVK,251900000,157600000,62970000
VTEELNAIR,41180000,28880000,16740000
LLAIVNEEANK,115100000,69780000,24930000
LNSFVTVADASK,37940000,20840000,80790000
YVFEVAPSAGK,89970000,63460000,49170000
AQTEAPDGDMR,32200000,22090000,9817000
VAAGSINLLAK,184200000,115800000,39630000
LTLIGENTEVDK,319300000,235100000,86250000
VVYSAFDQIK,408900000,250100000,101300000
MDYLATQSANGTYDNEVDR,149000000,177600000,124000000
SPETIQLFSK,128200000,72590000,25720000
INSVLSQYGIK,166600000,123400000,47120000
VGQSMAAASLPEIK,21660000,13500000,5754000
GAVDAAVGYIER,449500000,330900000,120000000
ISVGAENVYFEEK,19490000,20830000,10110000
IEALDYEDLR,14800000,11730000,4495000
ALAASDGDMDK,83940000,42920000,23010000
GWEGFTFEEHYDK,82260000,75310000,36680000
ADIETAVSPIVGNEK,76680000,69570000,32360000
GYITPYMATDMEK,73010000,66430000,37580000
TFHEGDWLSIDGSTGK,57590000,58360000,28080000
VWENIEQAVEEK,141400000,117100000,54900000
INGMNYSTFMHGLK,66220000,65420000,33550000
NYNTNTSALAK,120900000,78430000,29200000
NTPAAELGAIVVK,637900000,487600000,195900000
ENTFSQDNVNEIFR,40010000,34820000,18070000
MDAFSAALMADK,75250000,61550000,28840000
IGVFGLSTPETATK,209400000,179500000,74960000
VAVGETYGASQR,55090000,34300000,8267000
VFPVHSPSIDTIQVVR,29330000,27550000,16230000
AVAPVYPEVTLGQYK,144600000,147000000,78060000
LVEDGTANNIK,15480000,22890000,14950000
FLMEQPGVIVAPSK,63860000,66240000,32400000
AVLTDIQDGVFAGK,376800000,330200000,170200000
SIIEAPFYGNNVVK,917500000,876900000,426300000
DALSPSDQLTLEVAR,57250000,54780000,24570000
TEWWTMLQK,20450000,19210000,6218000
STSPALQFGLNTLK,232300000,202100000,93380000
GETPENVTGYK,149700000,100600000,45450000
VGAVSSGDEEIGK,47810000,37510000,18890000
LEHTANNLSVMAENIQDAESTIR,77050000,105300000,79890000
FPGEVSYTADALVVDGK,1777000000,1768000000,1003000000
FAELLGDVVTDSTK,322600000,293500000,136000000
AQITGLNAAQK,2099000000,1315000000,524700000
NNIQVYTINAIDLAK,18730000,21150000,11940000
EAAETLDITQYLDR,435100000,389900000,191400000
VTAANASGINDGAAALVLASGEAVEK,176100000,250200000,173700000
FDTFAAMAEEFK,65650000,55110000,25730000
TAEGAMQEIQDMLNR,717800000,732700000,501000000
DDPLIDATTIGLK,512700000,384100000,143100000
GYEFINSIVGGAVPK,5056000,5308000,3376000
IGDTLADVLALK,28550000,17970000,6379000
LIDDLEDVDFINR,17910000,25870000,12560000
ASMQTITNPDDMNALEAALK,38490000,48140000,32870000
TTQETFDVIWNLSK,229300000,211300000,114200000
TVEEIVSPLMMVR,25640000,26050000,11940000
AGVDPNALVVEPYANPFR,26300000,42550000,30430000
FFEITGLEFTDK,120700000,123500000,66550000
AIAELGLYPAVDPLDSTSR,14490000,13830000,11010000
ALNDVSLHIR,13250000,6243000,2278000
ITYAGNLENLK,687600000,479300000,176600000
GYGITLGNSIR,216700000,138000000,51090000
VIFDGNGYSEDWVK,28880000,23620000,13250000
GVVDSEDLPINISR,971500000,779100000,340600000
ELFLQLAYGR,116800000,84060000,33490000
IGFMGGMAVPAVIR,7323000,6143000,2472000
HVPVYLTEDMVGHK,949400000,860700000,411400000
YEDNYYR,683300000,379400000,119300000
LDYLENEIPK,8823000,7215000,5504000
LLDEAQAGDNIGALIR,188200000,205900000,132900000
LLDEAQAGDNIGLLLR,1239000000,1366000000,646200000
EGIDGISPIAR,110100000,67420000,24930000
QSLLQAIAEQSR,47630000,38230000,16580000
VDLIAASDLYK,15500000,11060000,5352000
YPWIEWDDNSK,8755000,8436000,4571000
TIPDTVELIDGGMVTTK,23980000,26140000,15270000
INIIGEHTDYNGGFVFPGAIDK,47410000,70610000,61500000
ILFLENYDMQLAR,157100000,162900000,82910000
IQQIGTPTDIYNEPK,328000000,160200000,62000000
DFITATATGSK,20660000,9963000,4765000
LFDLEEPGYFYTR,114600000,142400000,78880000
GTLVVGMTDFAPMDYR,38110000,41780000,25760000
AMADIDAVTIIGGGDSAAAVNQLGFGDK,50130000,72080000,61460000
NVDTNAQLVAENIAQQLEK,15200000,18340000,14520000
ALAETEATTIIGGGDSAAAMNQLGFADK,17740000,31050000,26170000
ELGLNSETAAIFNLTSR,4091000000,4154000000,2345000000
NTDAFIFNFVGAPK,68510000,62420000,33110000
TNNGDTIIPMLFPSDDGK,59090000,71420000,45290000
DELTPAIILIPGK,44420000,37920000,12380000
EWLDTFGIGALNGSATDK,163900000,169100000,96760000
VFDALAVGAVDFVR,3023000,2763000,1765000
LTAFGDADATR,60520000,27220000,16770000
VEFYADSDTDK,29180000,23650000,12110000
VTFETEPDPR,41280000,30010000,9793000
QELDEFAASSQQK,38510000,26950000,12630000
ADQLQAQLENR,40800000,24600000,8962000
LVFTEGTDPR,357800000,186000000,63390000
SVSDPDALPETDEEK,110000000,93560000,49930000
VAALLNEQVNK,39860000,26060000,11150000
YGINQADLEGK,105400000,62610000,32250000
AAFEGIDQNTVR,247300000,171600000,69770000
TAAGSIVYLDK,45560000,32040000,8521000
VVLNMGVGEAK,1228000000,816000000,289800000
TPMPISEMADK,88890000,94360000,47450000
EFHEGDPLSIDGSTGK,157800000,132700000,63370000
GTGEAVAFENIDK,469400000,340900000,150300000
ITTLYEGTNEIQR,145800000,126300000,62670000
DAINYVSDVR,144400000,101500000,29430000
VDMYIMTNQK,100800000,64960000,22190000
TLAQMMEEEPEK,15270000,12490000,6109000
ASPDSVFSATVR,271600000,166700000,71900000
IGIGGSYLGAR,27950000,14630000,4788000
IQIVTEDIR,182200000,112400000,34160000
AAVEAELNALK,95540000,43440000,371200000
LSDYAILTGK,97340000,59210000,17050000
AIDEIIAEESK,67290000,48810000,18550000
MIIQHNIAAINSYR,961700000,824300000,417100000
LVLNTMIQK,634700000,405200000,122600000
ALGVENGDIVSVK,15240000,9839000,2102000
FFVLADENR,12750000,11890000,1568000
IVGASEFGALSGK,186900000,158700000,67790000
ALEGDTMAEVISK,119300000,81670000,37860000
MGTFSQYPYPHALER,23520000,26560000,15250000
NGNLIMGTHR,16090000,7253000,11610000
IDALVNGFGYSK,13850000,12740000,9111000
TVVFSVNENTLTK,363300000,302800000,142100000
AGETVEIVGLTEEK,1030000000,903800000,420900000
GTPTGSPLVPVIK,14510000,12330000,5287000
AGTVTPNVTQAVNEIK,369000000,344000000,169800000
SVDLGMAGLSPDPK,14220000,11070000,6926000
FEVPASWATAEDK,26830000,21670000,8923000
ISWTFEEVDSK,136900000,105200000,50250000
SFVAGADIGSMSTMTK,26110000,23510000,13090000
IVPTLTPGSIATDPR,101500000,81360000,30710000
EIYEETEGLDPLSK,77520000,63870000,65340000
LIGAQIVGYDGVDK,28780000,24430000,12230000
IFDGSQFMEYK,20460000,16580000,8642000
TAETYSEVVEGMQLDR,184300000,191200000,116600000
APYDALLNEYER,28070000,22190000,13540000
ANFNDFGVMGINK,17370000,14300000,7309000
LNTMVLDLAADK,43240000,31230000,8502000
VFSTQDPDVVIVSYK,34010000,35000000,18850000
FDAVEIFSGR,58760000,45740000,17080000
VTFDTTEGNR,87950000,107500000,55960000
GQEITANALSQHGAK,236300000,196100000,97430000
AYDPSMVTGFIR,28930000,23520000,9269000
IGTNYQLFNYYGAEDADR,144300000,180000000,122000000
DTDIAEEMMSYTK,46980000,44370000,21780000
DGGVTTSELGK,36430000,18880000,11360000
LGIPQVSYAAEITK,17800000,16450000,9031000
AVGQFNINNLEWTK,25450000,23130000,10460000
VPEDVQVIGFDGLR,77930000,64550000,30220000
MVNEYGGNMPDAVGIPEEQLR,49710000,60460000,44890000
IPYLIVFNK,10770000,6620000,2958000
FAEILGEVVSASTK,95140000,71500000,32870000
LNTILQSAFFK,644300000,524800000,242400000
FVGPNPNILALPR,18180000,18460000,8070000
SVTAYSIMGLTAYPGR,7335000,7553000,4446000
LFNLSEVANFEK,26520000,24030000,8465000
TFVWSLEEFK,7851000,6633000,2942000
TIPGMTILNPADAVEAR,14730000,14070000,6438000
DGYEAVQLGFEDIAER,10930000,14430000,8340000
ALNALNPEVLADLK,178400000,152700000,74830000
GYAGLLQEEIVDLK,10410000,11810000,7235000
YDFPVLMLSAK,39940000,38940000,16020000
GFQIAVVTGGGNFWR,19340000,29910000,8755000
AYDHQLIDQAAEK,103700000,83810000,36900000
TNLVEIMNK,405200000,217800000,123300000
NLDNYDLR,20510000,19460000,9821000
GTTAIINTNHGK,22760000,14720000,4428000
MVAELDNPYLLITDK,59380000,53810000,31670000
EYANAFSELNDPIDQLER,107800000,81860000,49440000
ILPELDVHMLLR,2777000,1668000,577600
SFNENITLDIAENEITVK,124300000,145100000,81030000
DSTPMLFTPALEVEK,30080000,43450000,22790000
VGTAGSVNEDVHIR,35690000,23320000,7902000
IGLSFDDIELYGK,4011000,5479000,2730000
AGIDTYSVGK,26880000,16080000,10350000
GIATILATGGPGMVNAALK,76250000,76620000,35800000
VENNQSNFTTEYAK,332300000,245300000,115800000
FIETVGTYNPLVTEEQVTLK,66330000,85610000,60530000
GLLSAQIIDFGPK,83680000,60590000,24240000
ELAPFDIHLVPVNVK,10590000,8374000,5517000
AAGLVFVGPELHHLDIFGDK,4383000,4575000,3886000
EHTSGLDIFGYEDSQNPWEVVK,8318000,11990000,8815000
APTFDELSTANEVLVTGIK,237200000,259100000,159100000
LITIGGSPVSTLAEFDK,946000000,903500000,469800000
VNELGLPSLTVTNVPGSTLSR,130200000,157500000,96400000
LDAITPFIGFPDK,24200000,18000000,22680000
IFIGSVADYIIK,173200000,135500000,56740000
MAILEAIIAGK,39610000,21620000,8194000
EISLVAQSIEATLSEK,6174000,5735000,3058000
VIVIPAGVSVEVNGATVTVK,78970000,86940000,49870000
LSVDEVMGLIK,65500000,40220000,12620000
ALPFWEDQIAPALK,363300000,339200000,168200000
AQMVAIPTTSGTGSEVTPFAVITDDETHVK,79520000,127700000,111400000
NFLDEGLANVFK,28930000,22220000,6686000
EGSDVSIIAYGGTVPLAIK,20750000,19080000,11080000
LIGQSLDASAQQELIDSYLAK,58600000,84780000,51310000
IFQLLEQVGIPNPK,23560000,24810000,12000000
LGLDVLEFDAQASSISK,10340000,11620000,5198000
IIMDILQDLK,10510000,7795000,2886000
YPEFAQVEGQLAGIEQLK,32560000,34680000,21830000
GLEMVQESLISALK,118400000,93670000,50440000
FQEAVAYTDK,53210000,32150000,12070000
DSGHNVIIGVR,14560000,10400000,4035000
AEAYNDAVETAAIEAAVANAEIK,114400000,157000000,86530000
AIQLLETVGLLDK,22700000,16930000,7231000
IATINPTISGDAPDFELTDLK,59820000,44320000,25360000
LIEAIADFDEDIMEK,22030000,16720000,7996000
FGDGGADLIPIFR,22540000,15830000,7517000
IHEADAAGEVLTSEYLNSLYGEINEK,6232000,8136000,6709000
EGLYHIATFEAETTSEALSEFDR,46290000,58210000,49550000
YDLDAVNIGQVTDDGFYTLYHK,80070000,144800000,96930000
LMFTDILGTLK,620700000,461700000,165600000
IWAEIGLTLVDFK,44310000,35060000,10560000
IQNVEGVEVVAINDLTDPAMLAHLLK,349700000,647000000,530300000
SIINFITNDLSSFYLDFAK,68560000,75140000,49050000
IVGLALESVDGLLSVEGGFFSNLTGK,130500000,192300000,131600000
EVAGLLISGLISDTLLLK,72490000,107800000,49650000
ETSEFMEIHDK,243900000,164000000,65320000
ENIDGALVGGASLEADSFLALLEMYK,64660000,98520000,90110000
VTAESNPANINWAEVGAEIVLEATGFFATK,76360000,121500000,114600000
NTAVEYNGTR,22690000,9642000,3884000
EANDGTLTWK,89160000,51030000,14200000
EAVGQTAAYIR,694600000,436400000,155200000
GEADLSDDASLK,360500000,200000000,67720000
DMETSHGFSSK,48450000,29770000,10580000
LYENFAENTK,12270000,7750000,3989000
LSYSADSTSINTR,78600000,52310000,24680000
DDEGEGYIVDK,70970000,42330000,28270000
STGEAMGSDVTLEK,8664000,5240000,2902000
ENPQETLTGMR,27590000,16700000,5438000
TLLEYGSPK,85150000,45320000,38960000
ATVDGLNQLK,249600000,126700000,32770000
ADEVAEDHVDIVR,70330000,43450000,16200000
MESENILEAK,23170000,13950000,4997000
FENVVNNINK,473200000,292700000,98800000
LYEQANAAQGEAGQATDAQEAPK,370700000,462100000,283800000
FAEEYEGDSTIK,11130000,8893000,3967000
ISAEITENAYK,38130000,21280000,10840000
AGNFDVAYQNPDK,20430000,19220000,11760000
FDVVEAPASK,72700000,37870000,16910000
YGVIDPNGEVSK,14440000,7541000,3444000
VEEGSVIYVEK,889300000,593900000,215300000
LIATYANEDGTMK,287600000,208400000,114100000
TIADYNTQLEGAK,719400000,527200000,223900000
YTIEQGGDVEAVK,45380000,31340000,17180000
AFDYNYHLTR,116600000,81820000,32780000
VNYGEASTER,11350000,5487000,1862000
VGDTVIFEK,604500000,300200000,90950000
LNENDEPTLEVNDK,1343000000,1082000000,498200000
DADAALQIAR,334700000,185300000,70950000
MNAELGQNR,4010000,1818000,673300
IVIMGVANNK,38170000,20810000,2263000
VIAIYSHDGYVDSTK,130700000,125100000,64580000
NVEVPATDEQLDK,69340000,66040000,33400000
TVEAFLESK,160700000,66180000,20920000
FSALGPGGISR,49140000,20130000,10500000
VYLVSETGEDVK,50480000,48690000,10970000
VIVTLVENK,63010000,40090000,9103000
ALEGEDIDDIK,599700000,369000000,228700000
DDNTFDGDFEESK,777200000,588700000,264200000
TLIAGNIATGEGAR,39280000,21830000,9818000
ANFVSFDADK,76770000,48420000,17620000
AYALAHEPK,27210000,14120000,5626000
LEAAGASITLK,185700000,99950000,35260000
GLSSYEENSTPNYVGDTK,108800000,103700000,64370000
VANAFAGYTEVK,97190000,73020000,26140000
VGTMTTVHGYTGDQMTLDGPHR,1671000000,2022000000,1574000000
DADINTFVK,128300000,76970000,29290000
LVDDAYNYVK,687300000,421900000,158800000
DEDFQALDAAK,13410000,8471000,3565000
EDIDTESLAEEAK,33420000,23620000,9489000
IGYTDSENGFDYK,14560000,9412000,3960000
AHGITDLPSTLHNAVK,1203000000,1071000000,518800000
TVGSGIVAEIK,3161000000,1715000000,515400000
STVTEVVAASVK,1205000000,706300000,246400000
SGVTPETTVVEETPAETK,32770000,30980000,19960000
SYDVLPPAMDHDDK,115800000,94690000,44910000
AAIVTEIGGVNDR,71020000,47650000,17800000
ATDFASIDAAPEER,3294000000,2511000000,1107000000
ASILDPQAQAIK,745500000,517200000,187400000
AETDFAAEVEAAK,11950000,8112000,3060000
GVDDIASMYK,36770000,16200000,6889000
LDEIGEPDLAGNR,16890000,11940000,4625000
YNMILANSDNDVEK,14310000,11500000,5561000
EYTSTNVHENDAYAYAALR,89580000,96930000,62280000
NDQFVALVK,110500000,59280000,15710000
ELSLVYAAR,53590000,27480000,7437000
ATGIFTDEDLK,57900000,29280000,11640000
SSLDIEFTQSK,47710000,36510000,10460000
EFEVEAQNDGVIGK,1301000000,991700000,414900000
GYDSAGIFVNGQETAAK,89570000,97270000,48300000
ILSEGISTDPYER,89710000,66160000,14290000
LGQDVVFPGTTR,351100000,249500000,102100000
ASDPMTQAPSIVAEK,36630000,26510000,12710000
TSDTPIIMVSAK,29570000,25870000,11220000
SEIYTNDLGTDIK,155700000,116300000,46910000
LNAEGLETHFIEK,69740000,51370000,25860000
IEEAENLMATYR,243000000,163000000,81200000
IDFDLETEK,85600000,45890000,17070000
TVVGQDVLEYDGK,46550000,27930000,11310000
DQGATLIYTYQNER,69320000,60190000,26420000
DGIGGVAVGIR,242900000,116000000,32560000
LLTESSVSGEVIGK,325400000,226200000,83960000
ASALVHQIHWYLR,76340000,71390000,33890000
TAEELIDIDAK,51050000,27840000,9987000
GVGNSIFYVGAK,351300000,222900000,78160000
LNSITYEVVSTAK,456100000,338900000,138500000
DQLDEHLDEFAER,37610000,33090000,19930000
ETLLAGGSQAEMIEK,164100000,141900000,68050000
VVVEGVAIMK,185900000,100400000,32530000
HAYNFTAITNPTVNSYK,196600000,230100000,132200000
MGYQEVTELNVGK,706300000,548100000,250000000
AVYPESQASSSSR,85210000,67310000,35180000
AQGYEIGTSLVEDDK,1478000000,1240000000,561600000
GATSFFNEDLR,249700000,152600000,62160000
MDAIVEDLESK,45500000,24430000,12970000
EEIQAIASLPSR,256600000,80830000,71240000
ALEMIGVGYR,676300000,380800000,127400000
VAEVLEVEPVEGSDK,35480000,48410000,42420000
AGFVFSGVSPDNR,60850000,42620000,18000000
ANWAFLEEK,17580000,9764000,2174000
SQLTEEVLAAAK,349700000,226500000,80530000
VMTNTVVAPGSDSAVLR,110700000,99580000,56920000
EVSDEEVETR,144600000,74350000,30280000
YGAQVENVEVDFSNGK,16290000,14930000,7764000
EIDFQVVQDPK,113100000,66900000,39470000
EEAANIIQVANDTASQNR,57860000,56270000,30370000
FNFSHGDHPEQGAR,904700000,775200000,361700000
LEDGATVSAETLVAAK,254600000,211300000,85650000
AGSSAYPLEVIAK,159100000,98470000,36800000
MSNEHTQEVLNQTVADLSK,172700000,115400000,72630000
VTFPENYQAEDLAGK,118900000,106300000,49610000
SALADIFSGSQGK,21760000,20090000,4299000
LTNSQNNLAELVVK,175500000,142100000,64540000
IIGGFIVNSR,75370000,41610000,11850000
TPLQDQNVR,213900000,109400000,31470000
SIEFYEDYYK,20880000,15240000,6695000
AAIDNGDEVTSK,76360000,44310000,19600000
IVEEFTEITGVGHR,18440000,17980000,6959000
LFALNSNPGLAEK,38280000,25870000,6560000
GDALMGIGVATGEER,119300000,98000000,38550000
ALDNLIEEYNK,40670000,35240000,17180000
LNFDDAESMVK,28290000,18660000,7176000
FLEANVEIPK,129900000,86780000,27400000
VYSGTLDAGSYVLNTSK,200900000,188000000,99480000
MGYITADDVLK,57660000,28610000,6500000
AAAQEMVEESNK,67110000,44360000,9566000
VAGESAGDESLR,108200000,60320000,20500000
VQDIIVDELGK,645600000,392900000,142500000
TQGDAEDLSHALAFTSPK,157900000,148200000,82240000
VYVTDVVLTPK,11820000,8643000,1529000
FDGILTDNGAANLESK,23140000,18700000,8577000
DDALDDPFINDEHVR,231400000,197200000,99890000
AHASNVGISANVDK,537500000,383200000,140500000
EALFVTTVNEVK,428200000,304900000,117100000
MEYNITDATFDEETK,197200000,183800000,105400000
IIEEMDFSVR,35170000,22500000,7102000
GSELNLSEVIK,65920000,39260000,16540000
NASQEGAVVLFVGTK,52470000,42810000,33700000
YFAGEEIPEAELK,150300000,123300000,57050000
VDLTNAQLFSETQGR,200800000,175900000,86260000
YDIINGMVSSQYK,19150000,13910000,1086000
LTLGEPDFYTPEHVK,12720000,10420000,8863000
SGLYTGVDIGTNTIK,49930000,41940000,18430000
LGAGELDDEQLLR,89990000,53780000,28730000
AEEATAAGADFVGSDELVAK,261400000,260700000,145900000
GHEQEIIDLFK,35250000,38010000,11330000
EDDVSIQDR,347200000,193000000,53720000
GVAAQIVYGAFK,13140000,14130000,5200000
MSEEDFESVLK,19390000,13210000,6559000
FAQDFVDDFK,90490000,56780000,27350000
FGSTGLMYDFK,37890000,27620000,11550000
SGLSNEILTSIR,64450000,52940000,19770000
FEFVSVQTMEK,219400000,144300000,62210000
GYGSYFFQDEMSTK,22480000,30770000,14300000
LTAPTVTFDETTGDYR,392100000,303700000,152300000
LINTDDVTTGVDVEVGK,12090000,12340000,5991000
NIEGEQEISQVTEDIK,57020000,46980000,27480000
DFNEETETFPTALQK,339000000,310800000,161300000
LVANMIQIAGADR,33690000,15240000,1858000
VSDDELLAAIR,44070000,26690000,10510000
DNVTVMDYEGNVLSR,275400000,230800000,120900000
YLSTALYDFESEK,51880000,46590000,23880000
LFEGEVYVLSK,1209000000,854100000,335600000
GEVPEGYYTTPLDTAAVAK,43440000,39470000,22760000
DQYYNMAQIIEK,24840000,16000000,11240000
FDVTAAAPVAAAAGAGDAAAAK,1650000000,1657000000,882100000
VTFNSTSTSVPTEVQTAAFK,43580000,50000000,33890000
SHQDEVEAPENIK,84230000,66120000,28820000
SDLFGLINK,57830000,35720000,8751000
GAENLINDFADEAK,206200000,157300000,70930000
IVQASIGDPDLFK,16080000,14810000,5940000
EGYHNHFGLTEER,35270000,27970000,13810000
LLIEDALNATR,402400000,414000000,200700000
VPSDVVVQSIDLTK,5599000,3812000,2382000
SLATFDSSLLER,32560000,20140000,8490000
FADVAGSEEEK,31090000,17190000,6039000
GGVGLAANQLGLLK,34620000,24100000,9417000
VGAPLVEGATVVGEVEK,405000000,368500000,180600000
ELGWEIISTGGTK,220000000,141400000,55830000
VPAILEAVEATK,534500000,347700000,130000000
SDFSYLYDLK,27790000,19130000,7330000
GAYITNLSVTTTMGPGVK,57660000,57740000,29640000
LGTFIMWR,60290000,35100000,9532000
DSVVDFFNDTK,43570000,30780000,12670000
SAGLLTMDSYDFK,145500000,105800000,50900000
ETVEWEDGNTYPLIR,43350000,36860000,16870000
LGDLGEILDETK,41030000,30740000,15700000
TEELLSEFINK,229900000,118500000,46930000
SIIGGGDSAAAAINLGYADK,289300000,264000000,189900000
NGFISALAFDQR,524700000,367900000,146700000
FAGFTEQFLSADK,28810000,28950000,14260000
GEFYALPQSPQLMK,37910000,27880000,11570000
DLTIDGTFLNEK,69650000,49870000,15370000
ALYESDLGITPANDGSVIR,44610000,46320000,29150000
AEIEDLAGQYNMPVEQVEK,55970000,69360000,43150000
LPELNNALIVYK,223000000,174200000,70610000
GFLNFAPIR,33150000,18170000,4197000
MDGEEFLILK,17380000,11710000,4812000
DAENTLNEVATMVK,23270000,18690000,26590000
EGLSESEANEVK,595100000,376200000,143500000
GATFYGVAVALAR,10970000,8297000,6002000
AQVLEQEIIEGLK,40860000,32960000,14220000
AQEDYAEISR,127300000,72330000,22750000
VPEDVDVFMVAPK,48810000,30670000,16470000
YGENPQQNADFYESGIPTTYSIAQSK,27680000,41360000,33230000
IQGISAGFIPGNLDTK,40140000,39910000,17590000
TTAEGNFEGYK,42270000,23140000,8114000
GNPTLEVEVYTEDGAFGR,159300000,178900000,112800000
VDEPSVDETITILR,15000000,11240000,8256000
GGYFDLAPTDLAGNTR,92100000,49240000,34960000
VADYTLVSVLDGQGK,9582000,10770000,6869000
IPETVGTILLHGGMPVK,31900000,32900000,10450000
DYEFTYETIANPAYGSDR,69470000,70810000,41110000
EVCMLVDPENATIQSK,17440000,8964000,3456000
MNLIESINAAQLR,240700000,188400000,82490000
VVNPLGQPVDGLGELNTGK,221200000,226800000,127900000
GYGIMNHTFDQYLPAVK,119100000,117900000,71070000
FILSISPENQATFEK,80310000,74840000,39100000
FQVTDFSGISPGIDSGR,14370000,11190000,7654000
TLTEGLAGDNVGALLR,77490000,72010000,29080000
ITEVYGEVFGLTTR,29140000,23070000,15670000
FNDTVDSVK,157700000,79870000,26020000
ASQDEYFLVDVVGK,22820000,15020000,1888000
YAFVNYADPTLGIK,32010000,33060000,16400000
IAQVNTVDIPEVLER,308600000,269000000,132800000
AAYNDAEVVQR,129800000,71270000,17460000
AIYFETPSNPLLK,16290000,15460000,7735000
AVDPATASEYGYLLGPVK,19880000,21870000,13220000
LTSTVQISSK,27500000,15620000,6797000
DTMATMAVNTLSYSEMK,25540000,22140000,16370000
FFDPGHIMLPGMK,9837000,7715000,4279000
LEDLELSFIK,62340000,107400000,65870000
LVVLDTIEMPEER,70570000,54820000,28000000
ETADQNIPAGFMGLDVASK,111400000,107100000,65400000
IMEIQVGEELIGR,52270000,39390000,26170000
YAGLEDSLIPDAENLK,408200000,379800000,195900000
VIAELLESFK,104900000,73460000,26460000
VNADANNWETFVVPDSVGGR,53410000,62710000,40780000
VGDANAETIAQNYIQQWK,305300000,309200000,175300000
SGLFGDDVIVVAPK,75500000,57390000,24720000
SIAVEFSDIPLAK,37230000,30130000,13060000
FDSSTFQNIDSVAAYGTAVK,47760000,59510000,30170000
GYGYVPADENK,84540000,85360000,38280000
ALADALALIEK,35940000,21810000,10260000
HSLELAHEAVNETGR,90560000,72100000,29990000
AYTGQIATLAFLAK,38040000,35080000,16050000
STIGNPASNYTK,60930000,36670000,12600000
IVVTATNMLESMTYNPR,35540000,38350000,23380000
ALLANMVEGVSTGFSK,541800000,445300000,246700000
AIEIANELLANPNMETYK,215100000,257600000,150200000
VLNGLGTAIISTSTGVVTDK,176800000,180300000,99680000
AVDTLLEIIR,36210000,24380000,7834000
TNHHGTLISPLVK,125100000,89000000,35510000
GALNNQITSLIFEK,391700000,324700000,155600000
AEFLQNITDAFDK,20430000,16850000,8687000
NMMTSENLITAPVGTTLDTAAR,47770000,56180000,39400000
ISTQEELQSLLLER,9876000,6800000,5107000
LSIMDLSDLGR,6786000,2792000,487500
IPDVMYIVDPHAEQIAVK,287100000,316900000,204100000
DALIFGEDVGQNGGVFR,54680000,48290000,24150000
TAMAFLGTFGEDGLEK,23890000,22650000,11250000
GYYTDEAPGLEGIFYDEGNK,25450000,29930000,17430000
MYDIYTPLSNLDYK,183900000,170400000,103400000
TELFADGADAISVVTGDK,109800000,98870000,56510000
NSGINETYTVR,79130000,44990000,14620000
ISDDIDAAEANNK,143100000,91890000,35670000
VDGAPIGTIAVDSLYTPVSK,63960000,67530000,38590000
LEAPEAIESNIYVMTEEER,25060000,27510000,19390000
ASAASINIVLPYYGYAR,11030000,11660000,4434000
MPDIGEGMHEGDIANWLVK,5720000,4601000,3031000
YLSVPAEVLVTSMR,34890000,29350000,12730000
AVEVIATTAK,217000000,165000000,24610000
EATYTMLIGAGPEIAVASTK,61980000,64290000,38430000
ITQIIGPVVDVEFGSDAK,23920000,23840000,14240000
VVAFDLLDVTANR,49650000,43360000,22130000
EFEAFLTQR,37580000,24020000,11040000
AALIDDLMGVYDK,56340000,52510000,31620000
VGALWLTYEGENFDGTVGR,126200000,133200000,94980000
EILPSEEPDIVTINLER,7687000,7674000,4786000
VSLGTVNYDNPFTLTAPANVK,912700000,1191000000,828700000
YADVNEIPDGWEGLDIGPK,94910000,127200000,82470000
EAHDANIMFLIQQAELR,25530000,36920000,25960000
NQELNNLESYAIDAVTDNDALTSEHHGYQNLTK,17510000,36250000,40540000
VVTDLSAEPNSETLLSEEVDNLGK,34990000,48320000,37600000
DILNTDLINSFK,105300000,85020000,41650000
DVLTVIYDNTNTQFVK,22860000,21060000,12490000
AMNYYYLIDLYR,126600000,117000000,66720000
ATSAGVNPVSMLEMVDDR,78000000,78760000,49320000
VEVPTDEANLDGLNFLAGK,11510000,17450000,10330000
AINIATLQLMAESQNITK,40000000,41650000,25500000
ASYSMVGNDVPIFMTNLR,27380000,28780000,18730000
DALLVVTQNTEAFVPAGAVEK,12780000,15080000,10370000
QTTAAPALGLINESAVQVLK,15750000,13250000,8462000
FTVPSGEGEFVSPAFVAGGTLR,96860000,122700000,87020000
VFQEAGLPDGVVNFIPGR,4986000,5259000,4370000
YYDWNWYTTQVLANYNK,11300000,15580000,10280000
NQFFSISAPWETGLR,13150000,17280000,8818000
TAQLNAYSTGVR,49260000,45360000,19810000
GVAEQYNVYGK,146100000,104500000,38850000
INYSGNVSVSTK,92580000,56920000,24980000
INYTATMNAAK,24200000,16370000,3349000
AGDEEVYYGHFK,121900000,120300000,61970000
DMLNGGAAVDK,63580000,44210000,15640000
MTSDQWSAYGK,206200000,146400000,52810000
YNNYSGSAAETFQR,66590000,59860000,29380000
QDGLIDVNK,37570000,17080000,4824000
QVDQQLNATAYAK,96360000,62200000,30490000
TGGSNIATGLYGK,186500000,148400000,46460000
ITELTYNDNSDSPGK,81190000,75830000,41150000
TAISTDHNISAYGSVK,48730000,39500000,20360000
AEEAYQGGVLTSADK,32480000,27240000,14280000
ANEVLDNLK,15230000,8017000,1345000
ADNSGLYDGTTDSNLK,48140000,49700000,24840000
GQFETYQIDK,19480000,13420000,4215000
YVAVVYADAK,29210000,19930000,6008000
HFEVVDAQIK,164800000,115100000,42850000
VAGVSVASSTGQPGSSSSIR,84370000,76460000,45230000
VYDTNLIDNDK,811600000,574500000,242600000
TDGSSLFGVNK,18180000,14070000,2178000
GNTAVMFSQTANAPAR,12270000,13240000,6229000
GGTLEGVANLDSR,99280000,82880000,41670000
YFEEAANMETDPSSK,26830000,33220000,16040000
EVVMGTVTAMNK,22710000,18550000,8284000
YIDPNAPGSYQPDDDATGSNR,151700000,182100000,125200000
YYYQVPVSGDR,32000000,22510000,7795000
STAAETAAPVAEAPAAEATEEK,68720000,86660000,58690000
MEDYVYLK,26160000,16750000,4916000
IADQAEEVGDQFEK,218000000,208800000,100900000
NPGVVWDDSPTDDK,56170000,48410000,22250000
ALVGYEIEDR,25580000,17340000,8796000
SEFIVLNNK,169700000,98200000,31270000
ANTVIVFNPNK,38080000,24260000,8190000
EQAVEYVNQLR,100900000,68740000,28930000
AAVEAGSEMR,51640000,23650000,24110000
VENFTQVAQQDMNK,100300000,86200000,41010000
SAIHVVNPSEISNYK,217400000,154700000,99620000
TNVITASELNTYK,199600000,158600000,78010000
VTDGTNALADVSVSAGK,60600000,53530000,14040000
YQGADPEVDSNLQLGK,74540000,77880000,49610000
LNLGAYTVEEK,10490000,6827000,6904000
SGLIDNQEEGANPGVYPAK,61940000,71510000,40030000
TDEAAADATAEAK,25220000,15830000,3948000
SGYIFNYVNK,594400000,431400000,155100000
VLTGTEWEDEVK,80430000,65190000,33220000
NVFPNDGVLAR,30650000,23450000,20770000
QAVYNAGNLFTDK,74320000,90380000,21690000
VVFQAPQATELQK,67990000,56430000,25710000
YDDYLGDLDK,67850000,45060000,20010000
TQNQLVEFDMK,37850000,56970000,33460000
IVINQGLGMAAADK,142100000,122700000,55050000
MIVNYYLK,37560000,23690000,14020000
LGYAVSNVSSEELTR,69450000,75070000,34100000
AIANVETLMNSK,160400000,118000000,42520000
FLANLDVDGK,29480000,15340000,6604000
YVLASFYGR,188500000,136300000,54660000
IAEISWDQVK,22040000,16390000,6266000
IAQLFSVAGQTR,22050000,18390000,8383000
ASAFHVTSTPVALYR,456200000,414900000,220100000
ANTLVNDFVNPK,142100000,104500000,44850000
IDNITLGYNVDK,49040000,37360000,15720000
VTLQNIANANQNDTDNQEFR,122800000,148700000,99750000
AEAYLMGYGVGTDANK,108800000,184600000,144200000
MQSIDNFNFAGK,258700000,185300000,79500000
LPSTDWWR,32380000,19560000,5648000
VMEDFDYAIEK,26970000,19550000,10110000
GGGNDELTESLNTLDK,73950000,69880000,37620000
LLEYGTGNNTFNSGLR,72830000,70910000,42650000
IDMIEDYPVADK,60960000,55810000,30390000
LYQLSDGNGNVLVQER,270000000,278500000,153800000
VSFGYTDQNGILK,10390000,8332000,5040000
NVFMSEVLAK,195100000,133100000,46900000
ADYAEQVEK,22630000,12870000,1382000
LVDAALEALNSQK,15920000,14440000,5262000
SNQSLSSPAVK,18300000,11310000,4938000
LPIEYIEPK,186100000,67410000,31570000
NEASEDSVWWTSEEYK,99670000,128400000,67970000
TIEVGGITLK,25260000,16370000,2924000
TTGSSVDLIGWGDSK,12770000,10620000,3772000
TPYWLSLK,134600000,79050000,26660000
TNNAALAQLLVK,80780000,59420000,22910000
GLYQISLYNPNK,21390000,18930000,8627000
ASFAPGFEQNLVK,71920000,51540000,29300000
YLYVSENFYPSSSK,641200000,623200000,354500000
YDFQPESINTFSGK,1434000000,1276000000,641900000
LATAPAVTGMTDATWK,172800000,160500000,75250000
GTTVFYSQILTK,17420000,15790000,6399000
VFEGDVLNPIR,136400000,120500000,54070000
VYSGSLLAGSYVYNTR,92900000,83820000,43950000
VGEEVQIIGLGADGK,998000000,894200000,438200000
SLALDEMEGITR,333700000,236100000,94950000
GIVISQLTETVK,38460000,31490000,12490000
ATQEGAAITVK,19970000,15860000,5620000
LFDFYAQYSK,55230000,44840000,19270000
ETAGIADVLIQER,71430000,52730000,16630000
LGFELAVYK,74050000,44810000,11900000
DLTANPNLVQNPGYESLK,35690000,43680000,24540000
NQQISIYNTAEFMK,165000000,153000000,86260000
YFDDPATITEDEIR,92290000,94770000,51920000
ELNEPLAGVNVLQK,76070000,71980000,31930000
GLQVSPQDMLMGK,54250000,70120000,18530000
TSSFNETWQPVWGEEK,99620000,107500000,61170000
ALSNNNQAGPLSR,22570000,17160000,5082000
FMAEAVGTDITNATGYTADK,335700000,396500000,262000000
YPMDFLAYEK,34920000,49130000,22680000
IAVFDLEGNPVK,189800000,155800000,66260000
EYPGVVFEGQLYK,126200000,105900000,51020000
YGINSNQITIEWR,125000000,120900000,110900000
DLFLDVTADK,86600000,55080000,19220000
YTGYPGGQIEYTPNDLMK,43300000,52590000,36750000
YELGDQGALTPPENAPFK,44830000,52680000,36090000
LSDYYIQNASFLK,54130000,47170000,25020000
ASNDSAELPETPMPVYVR,50970000,58190000,38800000
VPVLAIPENIR,9490000,7872000,2251000
FNMNMGIDYTSVEGK,49800000,54520000,29270000
YGGYFTWTGDYTPDGTR,104900000,117400000,74140000
DPTGEPVIGANVIIK,65320000,60320000,27350000
YNLAYNLFVNK,478100000,381700000,180000000
NENPNAILPYTEEDIQNYR,96100000,120000000,86200000
TAQGLYAVYTNLNAVK,61190000,60070000,34170000
EGNAVDEDLVLDQLK,77610000,49730000,25230000
LMLDVDGYSLTK,21430000,21090000,13550000
INFAPQFSFGK,524200000,407200000,187600000
YAEALLNYAEAAYK,105100000,86400000,48080000
FLGDGIVTGYGTIDGR,54010000,38640000,16280000
NMEGADNFLGYLGNEK,63880000,54580000,33770000
DNGGVVFEGVTFDPQK,63770000,59780000,34910000
ANNEANMNLGLIALTK,115000000,111200000,56550000
QTALTTQSVAEQK,30120000,20090000,12590000
GVESIVVEQYGAVSQNIEK,14980000,19750000,13250000
AEGLAALVPTIK,56490000,26590000,7458000
GSNQNSDILSVELFNGTGK,95160000,111900000,78050000
GGNTLESIQAK,203500000,115600000,37760000
DQPLFEIDPTQYK,25820000,22710000,10490000
TTVPDGLYYINLANK,16740000,15300000,11360000
EAVTPNSSQTPFSQTGVQTPLMMK,63340000,93510000,72090000
VEGGVEYLYILK,296200000,209700000,78990000
SSGNTGIAQHGDATATGYYQQK,63180000,69400000,48770000
DILIDQGLSNELTR,15200000,20020000,10720000
IEALENDDLAPLIDQK,47770000,49620000,28590000
FWSMQYFGGNNVMK,77040000,76560000,52240000
EEYGIEPAAAAVAVAGPAAGGAAAAEEEK,37410000,58710000,54560000
LGMEFNFYSNTIK,46320000,43610000,19470000
EYGPGYDNSQLGNSSMEALTGFR,94450000,198400000,198400000
FQYDEDYNLLWK,39130000,39660000,115600000
TMTFESWLTPDAK,41500000,32170000,21880000
ETGPNALGSAFSGIIDK,23540000,19770000,10050000
VLDVMDLEMPK,33170000,20440000,9204000
LSAETGTITANSVPELAFAK,644400000,759000000,530300000
EADPELQILAFK,70290000,59310000,30050000
GIYDPAGFGWSGSYSSIR,216700000,233100000,144700000
FGAGVGVANLPQLVR,207200000,182500000,86300000
AFAPIDHNQWADIFR,117200000,125400000,64150000
LLPNTTAETFAWTNVTADNK,330300000,421700000,291400000
EEVFDQILSDYDK,36940000,34060000,18680000
GVSQIGSFYGAWIK,43340000,40140000,21400000
EVGDYFASGNVNTVGLTSLSR,70790000,89950000,58340000
TVTFSATGSTDGK,45900000,36550000,20220000
CPACEHPQAFFEPMK,16070000,11770000,5758000
NEIIYAIPFDNVNAK,35650000,39540000,22150000
LSFDFLDPGK,311000000,212300000,70800000
YGVVDPATFDDATVFDK,732800000,824200000,510600000
NISLGYNIPSVLTQK,77340000,76710000,32110000
VSLGNSASLNK,50580000,22830000,5771000
FLGAGDYAMLYNEAVK,94260000,98230000,62380000
NFAPSDDNSAYFEAEAVTAATDVK,28650000,46340000,32880000
YAPDFQDAWLLER,48480000,47290000,23240000
SLPEGNDIMYGDGNMYLLR,24370000,25850000,18440000
DFLTQELANIK,76000000,70840000,21840000
EEGLPIYVQFVPNK,32950000,33790000,19300000
EFLDVYAADSDIPDIQK,17670000,16370000,11720000
TAGPQLPENSSSGNQNEHVVK,27830000,32900000,20800000
STQITDISGLTHGVGWCAPQQGACK,13920000,0,0
DVLNAPFLGLK,165300000,115900000,42890000
ALENVGGDFSPLQVALK,53840000,67360000,36950000
DFGYLGLTAEGIAPAGK,55490000,71590000,36140000
